{
  "video": "videos/paddyb30.MP4",
  "direction": "left",
  "knee_used": "left",
  "cadence_rpm": 91.7,
  "cycle_count": 5,
  "cycle_timestamps": [
    18.3429,
    18.9433,
    19.8271,
    20.394,
    20.961
  ],
  "cycle_periods_sec": [
    0.6004,
    0.8838,
    0.5669,
    0.567
  ],
  "std_dev_rpm": 19.4,
  "rpm_method": "peak_detection",
  "best_run": {
    "frame_idx_start": 1076,
    "frame_idx_end": 1286,
    "frame_count": 211,
    "duration_sec": 3.5,
    "total_runs": 1
  },
  "metrics": {
    "frames_with_angle": 211,
    "frames_in_best_run": 211,
    "peaks_found": 5,
    "time_span_sec": 3.5
  },
  "angle_series": [
    [
      17.9427,
      145.1591429146496
    ],
    [
      17.9594,
      145.752692497871
    ],
    [
      17.9761,
      145.50508892116144
    ],
    [
      17.9928,
      144.41633218452085
    ],
    [
      18.0094,
      142.48642228794932
    ],
    [
      18.0261,
      139.71535923144714
    ],
    [
      18.0428,
      135.80085802679127
    ],
    [
      18.0595,
      130.92013104855914
    ],
    [
      18.0761,
      127.23898370195144
    ],
    [
      18.0928,
      122.50359338408677
    ],
    [
      18.1095,
      120.37620294196599
    ],
    [
      18.1262,
      114.51287153764956
    ],
    [
      18.1428,
      107.27370234512762
    ],
    [
      18.1595,
      106.49556009956379
    ],
    [
      18.1762,
      109.08990282030484
    ],
    [
      18.1929,
      105.11066604693895
    ],
    [
      18.2095,
      101.43984101436587
    ],
    [
      18.2262,
      102.3088973949973
    ],
    [
      18.2429,
      109.43101880589407
    ],
    [
      18.2596,
      121.01947623404573
    ],
    [
      18.2762,
      129.99423293905718
    ],
    [
      18.2929,
      142.0984050038034
    ],
    [
      18.3096,
      145.89788908610728
    ],
    [
      18.3263,
      153.02780485994046
    ],
    [
      18.3429,
      159.49902785427048
    ],
    [
      18.3596,
      158.4105501259276
    ],
    [
      18.3763,
      152.05317995197674
    ],
    [
      18.393,
      146.91119266985146
    ],
    [
      18.4096,
      147.2807120900557
    ],
    [
      18.4263,
      149.9876695122485
    ],
    [
      18.443,
      145.2837699535412
    ],
    [
      18.4597,
      147.16191795747184
    ],
    [
      18.4763,
      137.6817319250012
    ],
    [
      18.493,
      133.2148593665318
    ],
    [
      18.5097,
      131.72241291357966
    ],
    [
      18.5264,
      127.07632540991276
    ],
    [
      18.543,
      117.73427281257511
    ],
    [
      18.5597,
      111.33801100340183
    ],
    [
      18.5764,
      111.99620749618038
    ],
    [
      18.5931,
      114.43229062249833
    ],
    [
      18.6097,
      115.58848657665834
    ],
    [
      18.6264,
      118.24034962046017
    ],
    [
      18.6431,
      120.98539991237676
    ],
    [
      18.6598,
      124.94638454939178
    ],
    [
      18.6764,
      124.82660483701244
    ],
    [
      18.6931,
      126.00047932137664
    ],
    [
      18.7098,
      124.47984505698977
    ],
    [
      18.7265,
      132.77388507632904
    ],
    [
      18.7432,
      131.50835077965047
    ],
    [
      18.7598,
      134.38642302870772
    ],
    [
      18.7765,
      140.12243402069203
    ],
    [
      18.7932,
      133.84173635573944
    ],
    [
      18.8099,
      133.39873933058686
    ],
    [
      18.8265,
      130.9243429410539
    ],
    [
      18.8432,
      127.5168765305294
    ],
    [
      18.8599,
      132.3585063254671
    ],
    [
      18.8766,
      140.74815267866487
    ],
    [
      18.8932,
      153.4080064045738
    ],
    [
      18.9099,
      152.91908509014786
    ],
    [
      18.9266,
      161.3577586969484
    ],
    [
      18.9433,
      168.08569756578748
    ],
    [
      18.9599,
      159.33938468400078
    ],
    [
      18.9766,
      150.14136904618707
    ],
    [
      18.9933,
      143.08160346699867
    ],
    [
      19.01,
      135.87667920652365
    ],
    [
      19.0266,
      127.47758649385439
    ],
    [
      19.0433,
      124.01278634347105
    ],
    [
      19.06,
      116.67755453573108
    ],
    [
      19.0767,
      109.60077771923144
    ],
    [
      19.0933,
      106.38418845669315
    ],
    [
      19.11,
      104.13533698045481
    ],
    [
      19.1267,
      96.67557260460144
    ],
    [
      19.1434,
      91.34866766351925
    ],
    [
      19.16,
      92.01155792867345
    ],
    [
      19.1767,
      95.62417754361127
    ],
    [
      19.1934,
      101.24061989598914
    ],
    [
      19.2101,
      111.89588107900207
    ],
    [
      19.2267,
      120.39059542919554
    ],
    [
      19.2434,
      130.3346851684219
    ],
    [
      19.2601,
      136.71783158102915
    ],
    [
      19.2768,
      142.33104893630883
    ],
    [
      19.2934,
      141.97724848294058
    ],
    [
      19.3101,
      145.0879558256733
    ],
    [
      19.3268,
      141.15788890949835
    ],
    [
      19.3435,
      136.83833458558126
    ],
    [
      19.3601,
      129.5402712057268
    ],
    [
      19.3768,
      123.72461465113595
    ],
    [
      19.3935,
      120.85932455531649
    ],
    [
      19.4102,
      120.37427174795496
    ],
    [
      19.4268,
      118.47656512338784
    ],
    [
      19.4435,
      118.28143307393171
    ],
    [
      19.4602,
      119.04368819299503
    ],
    [
      19.4769,
      121.30042916283341
    ],
    [
      19.4935,
      116.96287638297635
    ],
    [
      19.5102,
      114.69668918897514
    ],
    [
      19.5269,
      108.65863952801453
    ],
    [
      19.5436,
      106.86438223530732
    ],
    [
      19.5602,
      106.50904624383139
    ],
    [
      19.5769,
      107.41033067689014
    ],
    [
      19.5936,
      105.95487620907794
    ],
    [
      19.6103,
      103.65378174362917
    ],
    [
      19.6269,
      103.69549002782395
    ],
    [
      19.6436,
      99.21598217705117
    ],
    [
      19.6603,
      96.30123681450368
    ],
    [
      19.677,
      95.12829486623119
    ],
    [
      19.6936,
      91.79676182756549
    ],
    [
      19.7103,
      91.05683708665205
    ],
    [
      19.727,
      90.10685450544442
    ],
    [
      19.7437,
      93.7853118525727
    ],
    [
      19.7604,
      102.67643167452982
    ],
    [
      19.777,
      113.7140967443919
    ],
    [
      19.7937,
      122.30349926018289
    ],
    [
      19.8104,
      127.68080484854805
    ],
    [
      19.8271,
      128.21579727344417
    ],
    [
      19.8437,
      126.3604337891922
    ],
    [
      19.8604,
      118.79287322647014
    ],
    [
      19.8771,
      110.00610682376053
    ],
    [
      19.8938,
      105.86331608370992
    ],
    [
      19.9104,
      105.77219561587188
    ],
    [
      19.9271,
      114.86857371617788
    ],
    [
      19.9438,
      120.58315913088187
    ],
    [
      19.9605,
      125.08061155299778
    ],
    [
      19.9771,
      127.21454176154745
    ],
    [
      19.9938,
      123.57313498659089
    ],
    [
      20.0105,
      115.78294188112392
    ],
    [
      20.0272,
      105.43315627654644
    ],
    [
      20.0438,
      100.31041610066615
    ],
    [
      20.0605,
      96.82208104068826
    ],
    [
      20.0772,
      97.3066477268612
    ],
    [
      20.0939,
      101.01326797589405
    ],
    [
      20.1105,
      102.33492461045785
    ],
    [
      20.1272,
      104.69635943265126
    ],
    [
      20.1439,
      103.44420608519764
    ],
    [
      20.1606,
      101.19373305964828
    ],
    [
      20.1772,
      99.35588589739518
    ],
    [
      20.1939,
      98.5935383401317
    ],
    [
      20.2106,
      102.33180356843751
    ],
    [
      20.2273,
      103.94707939706852
    ],
    [
      20.2439,
      108.18861749064132
    ],
    [
      20.2606,
