{
  "video": "videos/janeb30.MP4",
  "direction": "left",
  "knee_used": "left",
  "cadence_rpm": 85.7,
  "cycle_count": 3,
  "cycle_timestamps": [
    11.4724,
    11.9893,
    12.8731
  ],
  "cycle_periods_sec": [
    0.5169,
    0.8838
  ],
  "std_dev_rpm": 24.1,
  "rpm_method": "peak_detection",
  "best_run": {
    "frame_idx_start": 656,
    "frame_idx_end": 852,
    "frame_count": 196,
    "duration_sec": 3.27,
    "total_runs": 1
  },
  "metrics": {
    "frames_with_angle": 196,
    "frames_in_best_run": 196,
    "peaks_found": 3,
    "time_span_sec": 3.27
  },
  "angle_series": [
    [
      10.9388,
      160.5987640199991
    ],
    [
      10.9555,
      163.65792683260992
    ],
    [
      10.9721,
      165.28709702999865
    ],
    [
      10.9888,
      165.48627461216532
    ],
    [
      11.0055,
      164.25545957910992
    ],
    [
      11.0222,
      161.59465193083287
    ],
    [
      11.0388,
      159.65436910116568
    ],
    [
      11.0555,
      152.85406103590208
    ],
    [
      11.0722,
      143.48283974424194
    ],
    [
      11.0889,
      135.8118254178678
    ],
    [
      11.1055,
      129.81587177586644
    ],
    [
      11.1222,
      128.5440218240699
    ],
    [
      11.1389,
      131.1073031266955
    ],
    [
      11.1556,
      137.2649639383921
    ],
    [
      11.1722,
      143.9838462881056
    ],
    [
      11.1889,
      155.05483434041315
    ],
    [
      11.2056,
      162.66980853026996
    ],
    [
      11.2223,
      163.33340946930466
    ],
    [
      11.2389,
      161.98531486915556
    ],
    [
      11.2556,
      157.40181618447156
    ],
    [
      11.2723,
      150.78255309075203
    ],
    [
      11.289,
      145.7972333328013
    ],
    [
      11.3056,
      141.1913466560294
    ],
    [
      11.3223,
      135.90154966936535
    ],
    [
      11.339,
      131.61398576429653
    ],
    [
      11.3557,
      134.20162740774344
    ],
    [
      11.3723,
      137.003404372082
    ],
    [
      11.389,
      142.2628574249061
    ],
    [
      11.4057,
      148.12126818446046
    ],
    [
      11.4224,
      154.39307659442537
    ],
    [
      11.439,
      162.5229720377885
    ],
    [
      11.4557,
      167.90053566853564
    ],
    [
      11.4724,
      168.4005478760495
    ],
    [
      11.4891,
      160.40849024321687
    ],
    [
      11.5057,
      146.8267424356718
    ],
    [
      11.5224,
      133.54638913482154
    ],
    [
      11.5391,
      125.79273599182548
    ],
    [
      11.5558,
      121.48342003064909
    ],
    [
      11.5724,
      120.13574664799657
    ],
    [
      11.5891,
      125.77912672002921
    ],
    [
      11.6058,
      133.29401271165563
    ],
    [
      11.6225,
      142.2389896071875
    ],
    [
      11.6391,
      152.52345453007138
    ],
    [
      11.6558,
      158.4193812253614
    ],
    [
      11.6725,
      161.94978428666823
    ],
    [
      11.6892,
      161.0245251192013
    ],
    [
      11.7058,
      163.2026824465541
    ],
    [
      11.7225,
      163.38723539379077
    ],
    [
      11.7392,
      164.26847071619454
    ],
    [
      11.7559,
      167.41373006087466
    ],
    [
      11.7725,
      166.74956541048044
    ],
    [
      11.7892,
      169.98501090555408
    ],
    [
      11.8059,
      170.62037154945853
    ],
    [
      11.8226,
      169.5562543087072
    ],
    [
      11.8392,
      165.21405292707306
    ],
    [
      11.8559,
      155.74782387810248
    ],
    [
      11.8726,
      150.58773649343414
    ],
    [
      11.8893,
      148.9826801723944
    ],
    [
      11.9059,
      151.90530679965775
    ],
    [
      11.9226,
      157.76324808444966
    ],
    [
      11.9393,
      163.16969741761827
    ],
    [
      11.956,
      169.0664597821288
    ],
    [
      11.9726,
      171.70034458725553
    ],
    [
      11.9893,
      173.1356177175318
    ],
    [
      12.006,
      169.6965862853056
    ],
    [
      12.0227,
      166.03234792263564
    ],
    [
      12.0393,
      163.07554953383078
    ],
    [
      12.056,
      164.7631156138091
    ],
    [
      12.0727,
      166.48181906522504
    ],
    [
      12.0894,
      165.6535644725113
    ],
    [
      12.106,
      166.12769131820403
    ],
    [
      12.1227,
      163.4990957215798
    ],
    [
      12.1394,
      156.9684010527509
    ],
    [
      12.1561,
      147.4539659702304
    ],
    [
      12.1727,
      140.4450793859903
    ],
    [
      12.1894,
      137.60376373686103
    ],
    [
      12.2061,
      135.2019230080884
    ],
    [
      12.2228,
      141.25222618773267
    ],
    [
      12.2394,
      142.91051496188368
    ],
    [
      12.2561,
      143.66109523063042
    ],
    [
      12.2728,
      149.0464545006464
    ],
    [
      12.2895,
      149.7773124573479
    ],
    [
      12.3061,
      149.96115376353632
    ],
    [
      12.3228,
      152.7631426572334
    ],
    [
      12.3395,
      158.59899478693902
    ],
    [
      12.3562,
      156.41962213867345
    ],
    [
      12.3728,
      155.39430468883586
    ],
    [
      12.3895,
      153.12753350316336
    ],
    [
      12.4062,
      146.23468396924937
    ],
    [
      12.4229,
      141.8600467279345
    ],
    [
      12.4395,
      142.35533476233826
    ],
    [
      12.4562,
      142.27522380523482
    ],
    [
      12.4729,
      141.94193202204337
    ],
    [
      12.4896,
      148.33728782782578
    ],
    [
      12.5062,
      150.89729314277457
    ],
    [
      12.5229,
      150.12518307398045
    ],
    [
      12.5396,
      149.3587004151145
    ],
    [
      12.5563,
      148.62865323763023
    ],
    [
      12.5729,
      149.21565199377392
    ],
    [
      12.5896,
      152.01220568268658
    ],
    [
      12.6063,
      158.35410319177785
    ],
    [
      12.623,
      160.79420112123114
    ],
    [
      12.6396,
      161.5663841112959
    ],
    [
      12.6563,
      166.60528242890197
    ],
    [
      12.673,
      167.19192068893886
    ],
    [
      12.6897,
      168.48742373297077
    ],
    [
      12.7063,
      166.1347091050726
    ],
    [
      12.723,
      167.5572329062366
    ],
    [
      12.7397,
      167.00148874624924
    ],
    [
      12.7564,
      168.27577484833023
    ],
    [
      12.773,
      170.06327086962185
    ],
    [
      12.7897,
      169.7758143532061
    ],
    [
      12.8064,
      171.60567894615502
    ],
    [
      12.8397,
      173.93947352004022
    ],
    [
      12.8564,
      176.4527416671907
    ],
    [
      12.8731,
      176.61344663004508
    ],
    [
      12.8898,
      175.46841508681274
    ],
    [
      12.9064,
      174.2079261654864
    ],
    [
      12.9231,
      171.8939055153051
    ],
    [
      12.9398,
      171.4626202283781
    ],
    [
      12.9565,
      169.69373332807754
    ],
    [
      12.9731,
      167.721015245765
    ],
    [
      12.9898,
      168.9077736039349
    ],
    [
      13.0065,
      168.90370420398614
    ],
    [
      13.0232,
      167.61553858150882
    ],
    [
      13.0398,
      166.47091012694267
    ],
    [
      13.0565,
      165.65195531857842
    ],
    [
      13.0732,
      167.2860689606173
    ],
    [
      13.0899,
      166.8687086014279
    ],
    [
      13.1065,
      168.26482677324884
    ],
    [
      13.1232,
      166.07952319008734
    ],
    [
      13.1399,
      162.21095973708043
    ],
    [
      13.1566,
      162.53548409987013
    ],
    [
      13.1732,
      160.08541786366555
    ],
    [
      13.1899,
      158.748048887463
    ],
    [
      13.2066,
      161.2991778802454
    ],
    [
      13.2233,
      163.34871053307018
    ],
    [
      13.2399,
      166.93910218665894
    ],
    [
      13.2566,
      165.49662261774995
    ],
    [
      13.2733,
      163.95265017644425
    ],
    [
      13.29,
      160.42100184032495
