{
  "video": "videos/hannahb30.mp4",
  "direction": "right",
  "knee_used": "right",
  "cadence_rpm": 62.1,
  "cycle_count": 2,
  "cycle_timestamps": [
    15.0339,
    16.0
  ],
  "cycle_periods_sec": [
    0.9661
  ],
  "std_dev_rpm": null,
  "rpm_method": "peak_detection",
  "best_run": {
    "frame_idx_start": 865,
    "frame_idx_end": 981,
    "frame_count": 117,
    "duration_sec": 1.97,
    "total_runs": 1
  },
  "metrics": {
    "frames_with_angle": 117,
    "frames_in_best_run": 117,
    "peaks_found": 2,
    "time_span_sec": 1.97
  },
  "angle_series": [
    [
      14.661,
      80.49112280274993
    ],
    [
      14.678,
      85.04905228181867
    ],
    [
      14.6949,
      88.66643888542342
    ],
    [
      14.7119,
      91.34328261356416
    ],
    [
      14.7288,
      93.07958346624089
    ],
    [
      14.7458,
      93.87534144345395
    ],
    [
      14.7627,
      92.51728448889631
    ],
    [
      14.7797,
      89.29748140782212
    ],
    [
      14.7966,
      84.67664891093575
    ],
    [
      14.8136,
      90.09251457067653
    ],
    [
      14.8305,
      91.02585543955179
    ],
    [
      14.8475,
      92.70239033147507
    ],
    [
      14.8644,
      94.62878757184268
    ],
    [
      14.8814,
      96.22206150972073
    ],
    [
      14.8983,
      98.09081708696398
    ],
    [
      14.9153,
      99.87240050624374
    ],
    [
      14.9322,
      101.60317075767037
    ],
    [
      14.9492,
      105.63440903116394
    ],
    [
      14.9661,
      110.11567881979964
    ],
    [
      14.9831,
      114.80394423206215
    ],
    [
      15.0,
      119.48038873329864
    ],
    [
      15.0169,
      121.71052436713262
    ],
    [
      15.0339,
      123.19935340510817
    ],
    [
      15.0508,
      121.96104781879549
    ],
    [
      15.0678,
      121.38789904343892
    ],
    [
      15.0847,
      121.30514561021991
    ],
    [
      15.1017,
      120.71701257479843
    ],
    [
      15.1186,
      118.01267228859618
    ],
    [
      15.1356,
      117.03911596319358
    ],
    [
      15.1525,
      113.78904616457814
    ],
    [
      15.1695,
      115.18559355799742
    ],
    [
      15.1864,
      112.39632496747659
    ],
    [
      15.2034,
      109.9280926129114
    ],
    [
      15.2203,
      107.05437143598218
    ],
    [
      15.2373,
      103.67687627643423
    ],
    [
      15.2542,
      101.12309429280032
    ],
    [
      15.2712,
      99.04356079756366
    ],
    [
      15.2881,
      95.21877052211138
    ],
    [
      15.3051,
      93.64633555786989
    ],
    [
      15.322,
      91.59470214067925
    ],
    [
      15.339,
      98.12259382289814
    ],
    [
      15.3559,
      99.90397623005279
    ],
    [
      15.3729,
      104.1882965604556
    ],
    [
      15.3898,
      110.18868293133488
    ],
    [
      15.4068,
      114.93803525944642
    ],
    [
      15.4237,
      117.4799551583881
    ],
    [
      15.4407,
      116.53783408479063
    ],
    [
      15.4576,
      116.60778223916238
    ],
    [
      15.4746,
      115.57772465981034
    ],
    [
      15.4915,
      114.03557223905005
    ],
    [
      15.5085,
      112.47754525602106
    ],
    [
      15.5254,
      109.68618547197266
    ],
    [
      15.5424,
      101.08119160591801
    ],
    [
      15.5593,
      109.64581227242505
    ],
    [
      15.5763,
      115.77286992984179
    ],
    [
      15.5932,
      114.7634050258813
    ],
    [
      15.6102,
      108.38554200371186
    ],
    [
      15.6271,
      104.86847069444524
    ],
    [
      15.6441,
      99.02534792622916
    ],
    [
      15.661,
      89.43010143439317
    ],
    [
      15.678,
      78.25684365152398
    ],
    [
      15.6949,
      68.58780911312101
    ],
    [
      15.7119,
      60.643545563826535
    ],
    [
      15.7288,
      71.70656958644086
    ],
    [
      15.7458,
      76.65978957548305
    ],
    [
      15.7627,
      82.4068190957613
    ],
    [
      15.7797,
      86.02515786045382
    ],
    [
      15.7966,
      89.70125611644858
    ],
    [
      15.8136,
      91.06165556297864
    ],
    [
      15.8305,
      90.45081760344067
    ],
    [
      15.8475,
      90.07809078880108
    ],
    [
      15.8644,
      89.22821668864597
    ],
    [
      15.8814,
      91.85153134005566
    ],
    [
      15.8983,
      98.080589813876
    ],
    [
      15.9153,
      103.5730195083497
    ],
    [
      15.9322,
      110.9988030880036
    ],
    [
      15.9492,
      117.0598235481784
    ],
    [
      15.9661,
      121.51024793906919
    ],
    [
      15.9831,
      126.06862155472587
    ],
    [
      16.0,
      127.71924736778024
    ],
    [
      16.0169,
      126.05904593000335
    ],
    [
      16.0339,
      119.69746148853335
    ],
    [
      16.0508,
      112.92645504873579
    ],
    [
      16.0678,
      103.40974840351566
    ],
    [
      16.0847,
      94.48485891081815
    ],
    [
      16.1017,
      86.33833432559598
    ],
    [
      16.1186,
      72.88875279021127
    ],
    [
      16.1356,
      69.26228577084589
    ],
    [
      16.1525,
      73.89072152854746
    ],
    [
      16.1695,
      82.97618687721814
    ],
    [
      16.1864,
      94.48971367815358
    ],
    [
      16.2034,
      105.91029063077008
    ],
    [
      16.2203,
      112.86731899367322
    ],
    [
      16.2373,
      117.40335942363068
    ],
    [
      16.2542,
      122.3448565459156
    ],
    [
      16.2712,
      118.51597123062115
    ],
    [
      16.2881,
      108.40026251877248
    ],
    [
      16.3051,
      104.08232242740817
    ],
    [
      16.322,
      99.44604697727061
    ],
    [
      16.339,
      97.59854093909604
    ],
    [
      16.3559,
      94.98960992148692
    ],
    [
      16.3729,
      92.93411950009991
    ],
    [
      16.3898,
      90.7388349652885
    ],
    [
      16.4068,
      91.08018529510655
    ],
    [
      16.4237,
      89.53192784484115
    ],
    [
      16.4407,
      87.67309355787563
    ],
    [
      16.4576,
      88.68802995681838
    ],
    [
      16.4746,
      88.30350649839545
    ],
    [
      16.4915,
      82.5019800036622
    ],
    [
      16.5085,
      87.03450032555672
    ],
    [
      16.5254,
      90.77020671078799
    ],
    [
      16.5424,
      88.1780090961077
    ],
    [
      16.5593,
      92.61184455098409
    ],
    [
      16.5763,
      98.6481386540251
    ],
    [
      16.5932,
      106.28689140523046
    ],
    [
      16.6102,
      115.52810280460018
    ],
    [
      16.6271,
      126.37177285213423
    ]
  ],
  "peak_timestamps": [
    15.0339,
    16.0
  ]
}