{
  "video": "videos/jackb30.MP4",
  "direction": "right",
  "knee_used": "right",
  "cadence_rpm": null,
  "cycle_count": 1,
  "cycle_timestamps": [
    12.6565
  ],
  "cycle_periods_sec": [],
  "std_dev_rpm": null,
  "rpm_method": "peak_detection",
  "best_run": {
    "frame_idx_start": 721,
    "frame_idx_end": 781,
    "frame_count": 61,
    "duration_sec": 1.0,
    "total_runs": 1
  },
  "metrics": {
    "frames_with_angle": 61,
    "frames_in_best_run": 61,
    "peaks_found": 1,
    "time_span_sec": 1.0
  },
  "angle_series": [
    [
      12.0228,
      133.4345353992555
    ],
    [
      12.0395,
      131.80433448887243
    ],
    [
      12.0562,
      130.49343833194567
    ],
    [
      12.0728,
      129.50184692847523
    ],
    [
      12.0895,
      128.8295602784611
    ],
    [
      12.1062,
      128.4765783819037
    ],
    [
      12.1229,
      130.40723098163258
    ],
    [
      12.1395,
      129.59668252384648
    ],
    [
      12.1562,
      131.07756341767399
    ],
    [
      12.1729,
      130.0807792438997
    ],
    [
      12.1896,
      128.55011613839133
    ],
    [
      12.2062,
      126.42012945881388
    ],
    [
      12.2229,
      124.18931980246977
    ],
    [
      12.2396,
      126.99831738982178
    ],
    [
      12.2563,
      129.70350489076773
    ],
    [
      12.2729,
      133.47843961350353
    ],
    [
      12.2896,
      134.24270516343597
    ],
    [
      12.3063,
      130.04930073068874
    ],
    [
      12.323,
      131.56226506115172
    ],
    [
      12.3396,
      131.14288378121327
    ],
    [
      12.3563,
      127.59128461181196
    ],
    [
      12.373,
      123.63802956660818
    ],
    [
      12.3897,
      120.09950460912866
    ],
    [
      12.4063,
      118.44039669340789
    ],
    [
      12.423,
      117.70961802296036
    ],
    [
      12.4397,
      121.18743038794034
    ],
    [
      12.4564,
      124.9177427611989
    ],
    [
      12.473,
      131.6156459163111
    ],
    [
      12.4897,
      135.77757122697867
    ],
    [
      12.5064,
      132.17148899357238
    ],
    [
      12.5231,
      115.52811478974382
    ],
    [
      12.5397,
      103.73171842506832
    ],
    [
      12.5564,
      97.51943213665965
    ],
    [
      12.5731,
      97.327083706006
    ],
    [
      12.5898,
      105.80174381040763
    ],
    [
      12.6064,
      120.67573096139918
    ],
    [
      12.6231,
      134.7291575149226
    ],
    [
      12.6398,
      148.5529964663043
    ],
    [
      12.6565,
      153.62521859385066
    ],
    [
      12.6731,
      149.3925550892913
    ],
    [
      12.6898,
      137.013897041753
    ],
    [
      12.7065,
      129.8014675355689
    ],
    [
      12.7232,
      123.26220502451078
    ],
    [
      12.7398,
      120.93965528964921
    ],
    [
      12.7565,
      120.33182854209905
    ],
    [
      12.7732,
      120.4801390906957
    ],
    [
      12.7899,
      120.78024143740552
    ],
    [
      12.8065,
      119.95164770747877
    ],
    [
      12.8232,
      122.48258883557818
    ],
    [
      12.8399,
      119.70449946616297
    ],
    [
      12.8566,
      121.85935188132979
    ],
    [
      12.8732,
      126.4288973720048
    ],
    [
      12.8899,
      132.93077964096895
    ],
    [
      12.9066,
      141.6673723131392
    ],
    [
      12.9233,
      147.4587683530037
    ],
    [
      12.9399,
      151.50787966966038
    ],
    [
      12.9566,
      152.12257316002746
    ],
    [
      12.9733,
      150.52715554934642
    ],
    [
      12.99,
      146.72162683761672
    ],
    [
      13.0066,
      140.7059870248384
    ],
    [
      13.0233,
      132.4802361110114
    ]
  ],
  "peak_timestamps": [
    12.6565
  ]
}