{
  "video": "videos/alexb30.mp4",
  "direction": "right",
  "knee_used": "right",
  "cadence_rpm": 84.3,
  "cycle_count": 2,
  "cycle_timestamps": [
    5.9661,
    6.678
  ],
  "cycle_periods_sec": [
    0.7119
  ],
  "std_dev_rpm": null,
  "rpm_method": "peak_detection",
  "best_run": {
    "frame_idx_start": 319,
    "frame_idx_end": 416,
    "frame_count": 98,
    "duration_sec": 1.64,
    "total_runs": 1
  },
  "metrics": {
    "frames_with_angle": 98,
    "frames_in_best_run": 98,
    "peaks_found": 2,
    "time_span_sec": 1.64
  },
  "angle_series": [
    [
      5.4068,
      82.35851403439689
    ],
    [
      5.4237,
      84.46549313459468
    ],
    [
      5.4407,
      86.40340305996875
    ],
    [
      5.4576,
      88.17224381051908
    ],
    [
      5.4746,
      89.77201538624567
    ],
    [
      5.4915,
      91.2027177871488
    ],
    [
      5.5085,
      91.19857838055063
    ],
    [
      5.5254,
      92.39900013055137
    ],
    [
      5.5424,
      94.04855865572696
    ],
    [
      5.5593,
      94.85095166920239
    ],
    [
      5.5763,
      95.37139066843804
    ],
    [
      5.5932,
      96.6299597084158
    ],
    [
      5.6102,
      95.75411954461842
    ],
    [
      5.6271,
      96.58812113731864
    ],
    [
      5.6441,
      98.72439386828879
    ],
    [
      5.661,
      100.21884641111426
    ],
    [
      5.678,
      103.48104847177498
    ],
    [
      5.6949,
      108.83947305652026
    ],
    [
      5.7119,
      114.46207871615317
    ],
    [
      5.7288,
      118.24948981610216
    ],
    [
      5.7458,
      122.85639560309289
    ],
    [
      5.7627,
      128.56766895760285
    ],
    [
      5.7797,
      130.89161801175163
    ],
    [
      5.7966,
      132.37336332751147
    ],
    [
      5.8136,
      132.73946855918626
    ],
    [
      5.8305,
      134.31232337721517
    ],
    [
      5.8475,
      134.04816042938415
    ],
    [
      5.8644,
      134.48123141553577
    ],
    [
      5.8814,
      138.4330277726099
    ],
    [
      5.8983,
      132.47516380561112
    ],
    [
      5.9153,
      133.18312692182093
    ],
    [
      5.9322,
      135.61380207404457
    ],
    [
      5.9492,
      143.2773722123616
    ],
    [
      5.9661,
      146.54215842710886
    ],
    [
      5.9831,
      138.90874793325065
    ],
    [
      6.0,
      137.60445741589115
    ],
    [
      6.0169,
      130.2684582407217
    ],
    [
      6.0339,
      122.21593032568995
    ],
    [
      6.0508,
      121.27384182873928
    ],
    [
      6.0678,
      111.75602543140025
    ],
    [
      6.0847,
      114.60817518963316
    ],
    [
      6.1017,
      116.94887695445777
    ],
    [
      6.1186,
      123.5735812116084
    ],
    [
      6.1356,
      111.73934322665193
    ],
    [
      6.1525,
      101.76192230693277
    ],
    [
      6.1695,
      114.81212347023957
    ],
    [
      6.1864,
      109.10680936942427
    ],
    [
      6.2034,
      119.32854276788754
    ],
    [
      6.2203,
      128.4234660111092
    ],
    [
      6.2373,
      132.4580177828823
    ],
    [
      6.2542,
      130.95645309585944
    ],
    [
      6.2712,
      121.34196278059828
    ],
    [
      6.2881,
      106.75537517879529
    ],
    [
      6.3051,
      88.48241080561763
    ],
    [
      6.322,
      84.35322328474228
    ],
    [
      6.339,
      86.65215934247149
    ],
    [
      6.3559,
      77.4055916772419
    ],
    [
      6.3729,
      87.8640084767531
    ],
    [
      6.3898,
      89.1134255218428
    ],
    [
      6.4068,
      90.98538383439202
    ],
    [
      6.4237,
      90.4374535123909
    ],
    [
      6.4407,
      91.11980771019387
    ],
    [
      6.4576,
      93.31605023064745
    ],
    [
      6.4746,
      92.48499034742109
    ],
    [
      6.4915,
      94.83877774449749
    ],
    [
      6.5085,
      105.49927550191879
    ],
    [
      6.5254,
      112.54582495536052
    ],
    [
      6.5424,
      116.48016216972542
    ],
    [
      6.5593,
      120.58955454003706
    ],
    [
      6.5763,
      123.4215334853657
    ],
    [
      6.5932,
      125.47577519146392
    ],
    [
      6.6102,
      126.8508895778053
    ],
    [
      6.6271,
      128.4573589979223
    ],
    [
      6.6441,
      124.3230766941025
    ],
    [
      6.661,
      128.31057737312773
    ],
    [
      6.678,
      139.48895945758608
    ],
    [
      6.6949,
      130.42574751035482
    ],
    [
      6.7119,
      123.18276023781945
    ],
    [
      6.7288,
      120.08878500748949
    ],
    [
      6.7458,
      117.70074360347662
    ],
    [
      6.7627,
      116.9787171124726
    ],
    [
      6.7797,
      119.26698932114326
    ],
    [
      6.7966,
      127.95295082884998
    ],
    [
      6.8136,
      130.5174540718068
    ],
    [
      6.8305,
      129.58763323583298
    ],
    [
      6.8475,
      126.47623199793188
    ],
    [
      6.8644,
      112.55617609136814
    ],
    [
      6.8814,
      104.52987980282825
    ],
    [
      6.8983,
      97.33425194520231
    ],
    [
      6.9153,
      91.02295030811881
    ],
    [
      6.9322,
      86.37880641502102
    ],
    [
      6.9492,
      86.08157909587547
    ],
    [
      6.9661,
      88.63916797925293
    ],
    [
      6.9831,
      88.34127717104427
    ],
    [
      7.0,
      87.77416260105066
    ],
    [
      7.0169,
      86.93782426927186
    ],
    [
      7.0339,
      85.83226217570783
    ],
    [
      7.0508,
      84.4574763203586
    ]
  ],
  "peak_timestamps": [
    5.9661,
    6.678
  ]
}