{
  "video": "videos/dervlab30.MP4",
  "direction": "left",
  "knee_used": "left",
  "cadence_rpm": null,
  "cycle_count": 1,
  "cycle_timestamps": [
    3.2684
  ],
  "cycle_periods_sec": [],
  "std_dev_rpm": null,
  "rpm_method": "peak_detection",
  "best_run": {
    "frame_idx_start": 161,
    "frame_idx_end": 214,
    "frame_count": 53,
    "duration_sec": 0.88,
    "total_runs": 1
  },
  "metrics": {
    "frames_with_angle": 53,
    "frames_in_best_run": 53,
    "peaks_found": 1,
    "time_span_sec": 0.88
  },
  "angle_series": [
    [
      2.6847,
      166.32619505968458
    ],
    [
      2.7014,
      158.67268954609426
    ],
    [
      2.7181,
      151.90048739514344
    ],
    [
      2.7348,
      146.00958860683215
    ],
    [
      2.7514,
      140.99999318116036
    ],
    [
      2.7681,
      136.87170111812853
    ],
    [
      2.7848,
      129.16098314595885
    ],
    [
      2.8015,
      129.37655652901068
    ],
    [
      2.8181,
      127.21331896810156
    ],
    [
      2.8348,
      131.88708774219361
    ],
    [
      2.8515,
      136.62032667335149
    ],
    [
      2.8682,
      153.63497949040192
    ],
    [
      2.8848,
      156.59164272087023
    ],
    [
      2.9015,
      156.8078290787593
    ],
    [
      2.9182,
      148.96626921707622
    ],
    [
      2.9349,
      147.32585274886654
    ],
    [
      2.9515,
      143.0791925572836
    ],
    [
      2.9849,
      144.0410858978482
    ],
    [
      3.0016,
      138.2405453884328
    ],
    [
      3.0182,
      139.44848102590075
    ],
    [
      3.0349,
      144.12633879770374
    ],
    [
      3.0516,
      149.6798060232692
    ],
    [
      3.0683,
      140.5623901303431
    ],
    [
      3.0849,
      135.6718159849028
    ],
    [
      3.1016,
      126.67364736405617
    ],
    [
      3.1183,
      122.87852853429965
    ],
    [
      3.135,
      118.7522990458963
    ],
    [
      3.1516,
      120.37457686591958
    ],
    [
      3.1683,
      120.89700881966061
    ],
    [
      3.185,
      129.69279501326605
    ],
    [
      3.2017,
      137.30128962580713
    ],
    [
      3.2183,
      141.96287754326463
    ],
    [
      3.235,
      149.47198108726764
    ],
    [
      3.2517,
      156.34089065073186
    ],
    [
      3.2684,
      158.7366393316725
    ],
    [
      3.285,
      155.00619708705906
    ],
    [
      3.3017,
      149.8503086556809
    ],
    [
      3.3184,
      147.41405270149826
    ],
    [
      3.3351,
      145.28103257900025
    ],
    [
      3.3518,
      144.56450422801294
    ],
    [
      3.3684,
      142.8250788632753
    ],
    [
      3.3851,
      143.75041578662433
    ],
    [
      3.4018,
      144.36650524611164
    ],
    [
      3.4185,
      147.3435474696612
    ],
    [
      3.4351,
      150.7849679581799
    ],
    [
      3.4518,
      150.30226290977652
    ],
    [
      3.4685,
      146.79137560897044
    ],
    [
      3.4852,
      145.2142935347793
    ],
    [
      3.5018,
      143.72328364996793
    ],
    [
      3.5185,
      141.96444545889008
    ],
    [
      3.5352,
      139.93777896154535
    ],
    [
      3.5519,
      137.6432841579337
    ],
    [
      3.5685,
      135.0809610480551
    ]
  ],
  "peak_timestamps": [
    3.2684
  ]
}