{
  "video": "videos/romanb60.MOV",
  "direction": "left",
  "knee_used": "left",
  "cadence_rpm": null,
  "cycle_count": 1,
  "cycle_timestamps": [
    19.9023
  ],
  "cycle_periods_sec": [],
  "std_dev_rpm": null,
  "rpm_method": "peak_detection",
  "best_run": {
    "frame_idx_start": 1163,
    "frame_idx_end": 1252,
    "frame_count": 90,
    "duration_sec": 1.5,
    "total_runs": 1
  },
  "metrics": {
    "frames_with_angle": 90,
    "frames_in_best_run": 90,
    "peaks_found": 1,
    "time_span_sec": 1.5
  },
  "angle_series": [
    [
      19.6155,
      137.80027519091541
    ],
    [
      19.6324,
      136.6991877485377
    ],
    [
      19.6493,
      136.17964696217715
    ],
    [
      19.6661,
      136.2416528318338
    ],
    [
      19.683,
      136.88520535750763
    ],
    [
      19.6999,
      138.1103045391991
    ],
    [
      19.7167,
      140.72725198909234
    ],
    [
      19.7336,
      143.29882565206532
    ],
    [
      19.7505,
      145.43686206341144
    ],
    [
      19.7673,
      147.8974095562283
    ],
    [
      19.7842,
      148.58376419065021
    ],
    [
      19.8011,
      150.2497501323714
    ],
    [
      19.8179,
      151.94981531648432
    ],
    [
      19.8348,
      155.0226188470109
    ],
    [
      19.8517,
      158.54641965658288
    ],
    [
      19.8685,
      162.48584502449268
    ],
    [
      19.8854,
      166.58914334250596
    ],
    [
      19.9023,
      169.26545578467983
    ],
    [
      19.9191,
      169.25826633111922
    ],
    [
      19.936,
      169.00972873477306
    ],
    [
      19.9529,
      166.19584608159408
    ],
    [
      19.9697,
      164.0231358219059
    ],
    [
      19.9866,
      161.2965032076283
    ],
    [
      20.0035,
      159.61711606491647
    ],
    [
      20.0203,
      157.1799002854327
    ],
    [
      20.0372,
      155.0316910266828
    ],
    [
      20.0541,
      153.55786904115544
    ],
    [
      20.0709,
      153.8008567356677
    ],
    [
      20.0878,
      152.8512429740444
    ],
    [
      20.1047,
      150.4619675391699
    ],
    [
      20.1215,
      146.74261509326138
    ],
    [
      20.1384,
      143.4409770594087
    ],
    [
      20.1553,
      140.2254299995028
    ],
    [
      20.1721,
      134.53486627624522
    ],
    [
      20.189,
      128.83245328502343
    ],
    [
      20.2059,
      123.16739150945904
    ],
    [
      20.2227,
      121.35368472013036
    ],
    [
      20.2396,
      122.21378347242421
    ],
    [
      20.2565,
      121.50891464157601
    ],
    [
      20.2733,
      119.55058776251079
    ],
    [
      20.2902,
      119.98791330974788
    ],
    [
      20.3071,
      121.5975314336115
    ],
    [
      20.3239,
      124.82158832337952
    ],
    [
      20.3408,
      122.63045352810079
    ],
    [
      20.3577,
      118.68190050476124
    ],
    [
      20.3745,
      113.22814037671048
    ],
    [
      20.3914,
      107.51760797603336
    ],
    [
      20.4083,
      101.03574913029638
    ],
    [
      20.4251,
      93.56177401081092
    ],
    [
      20.442,
      87.23722184615463
    ],
    [
      20.4589,
      84.55240681503753
    ],
    [
      20.4757,
      83.75297052492813
    ],
    [
      20.4926,
      85.5773361210895
    ],
    [
      20.5095,
      84.92932117350644
    ],
    [
      20.5263,
      85.74387571187319
    ],
    [
      20.5432,
      85.70848022572198
    ],
    [
      20.5601,
      85.03320324030923
    ],
    [
      20.5769,
      86.17690535918206
    ],
    [
      20.5938,
      86.82403160125423
    ],
    [
      20.6107,
      86.71740494830115
    ],
    [
      20.6275,
      87.84597130406648
    ],
    [
      20.6444,
      88.07817225119038
    ],
    [
      20.6613,
      87.64993315200309
    ],
    [
      20.6781,
      86.82476089879965
    ],
    [
      20.695,
      86.90034244850227
    ],
    [
      20.7119,
      84.8098650342369
    ],
    [
      20.7287,
      84.35555012292284
    ],
    [
      20.7456,
      83.82724663159777
    ],
    [
      20.7625,
      84.51324707490105
    ],
    [
      20.7793,
      84.69958798766234
    ],
    [
      20.7962,
      86.45439410224456
    ],
    [
      20.8131,
      87.80632783211746
    ],
    [
      20.8299,
      89.39869911463795
    ],
    [
      20.8468,
      91.29486946227469
    ],
    [
      20.8637,
      92.404494935119
    ],
    [
      20.8805,
      93.00367419480762
    ],
    [
      20.8974,
      94.80455918183407
    ],
    [
      20.9142,
      96.45646702428604
    ],
    [
      20.9311,
      98.93160037661991
    ],
    [
      20.948,
      100.53624978560171
    ],
    [
      20.9648,
      102.46024326605692
    ],
    [
      20.9817,
      104.58332834996162
    ],
    [
      20.9986,
      107.93225790351977
    ],
    [
      21.0154,
      111.27216386672904
    ],
    [
      21.0323,
      114.32462599129991
    ],
    [
      21.0492,
      116.89084303191217
    ],
    [
      21.066,
      119.50232680177248
    ],
    [
      21.0829,
      122.15907730088048
    ],
    [
      21.0998,
      124.86109452923613
    ],
    [
      21.1166,
      127.60837848683946
    ]
  ],
  "peak_timestamps": [
    19.9023
  ]
}