{
  "video": "videos/hannahb60.mp4",
  "direction": "left",
  "knee_used": "left",
  "cadence_rpm": 86.3,
  "cycle_count": 1,
  "cycle_timestamps": [],
  "cycle_periods_sec": [
    0.695
  ],
  "std_dev_rpm": null,
  "rpm_method": "autocorrelation",
  "best_run": {
    "frame_idx_start": 340,
    "frame_idx_end": 400,
    "frame_count": 61,
    "duration_sec": 1.02,
    "total_runs": 1
  },
  "metrics": {
    "frames_with_angle": 61,
    "frames_in_best_run": 61,
    "peaks_found": 1,
    "time_span_sec": 1.02
  },
  "angle_series": [
    [
      5.7627,
      83.20001924647659
    ],
    [
      5.7797,
      85.56713999192633
    ],
    [
      5.7966,
      88.19888766601763
    ],
    [
      5.8136,
      91.09526226875047
    ],
    [
      5.8305,
      94.2562638001249
    ],
    [
      5.8475,
      97.6818922601412
    ],
    [
      5.8644,
      101.80982080473588
    ],
    [
      5.8814,
      105.73955079218346
    ],
    [
      5.8983,
      110.32096659487624
    ],
    [
      5.9153,
      115.21754563389123
    ],
    [
      5.9322,
      119.14971038667048
    ],
    [
      5.9492,
      122.97713295532105
    ],
    [
      5.9661,
      127.22885256162249
    ],
    [
      5.9831,
      132.36013442579394
    ],
    [
      6.0,
      136.07410630796198
    ],
    [
      6.0169,
      140.4211587903459
    ],
    [
      6.0339,
      151.3526636015819
    ],
    [
      6.0508,
      148.3430954180386
    ],
    [
      6.0678,
      148.3272882064361
    ],
    [
      6.0847,
      137.5529969563277
    ],
    [
      6.1017,
      127.1216890591846
    ],
    [
      6.1186,
      118.84535654599745
    ],
    [
      6.1356,
      111.02624801043724
    ],
    [
      6.1525,
      106.91640457642617
    ],
    [
      6.1695,
      103.71000106594681
    ],
    [
      6.1864,
      105.12258606896393
    ],
    [
      6.2034,
      110.14412175798046
    ],
    [
      6.2203,
      103.18858412455933
    ],
    [
      6.2373,
      102.64013721093801
    ],
    [
      6.2542,
      93.65563680204335
    ],
    [
      6.2712,
      89.91903047250648
    ],
    [
      6.2881,
      87.75347918457878
    ],
    [
      6.3051,
      84.65439970636089
    ],
    [
      6.322,
      83.36746115383586
    ],
    [
      6.339,
      80.93838056996539
    ],
    [
      6.3559,
      78.68565159437179
    ],
    [
      6.3729,
      76.64007137223528
    ],
    [
      6.3898,
      75.07400680184293
    ],
    [
      6.4068,
      73.72727013538632
    ],
    [
      6.4237,
      74.84254740777578
    ],
    [
      6.4407,
      75.41189798743466
    ],
    [
      6.4576,
      77.2319456346111
    ],
    [
      6.4746,
      80.31119191209248
    ],
    [
      6.4915,
      83.87286632790529
    ],
    [
      6.5085,
      87.88102574401107
    ],
    [
      6.5254,
      90.96366567801454
    ],
    [
      6.5424,
      94.06223347700337
    ],
    [
      6.5593,
      101.35971113415476
    ],
    [
      6.5763,
      95.2941931687796
    ],
    [
      6.5932,
      92.96240556483946
    ],
    [
      6.6102,
      91.52129878852833
    ],
    [
      6.6271,
      93.12324578686706
    ],
    [
      6.6441,
      97.65577802514748
    ],
    [
      6.661,
      103.06264506726396
    ],
    [
      6.678,
      111.79735816645723
    ],
    [
      6.6949,
      120.92410472836121
    ],
    [
      6.7119,
      127.09226289194171
    ],
    [
      6.7288,
      132.9062863136353
    ],
    [
      6.7458,
      138.36617499344163
    ],
    [
      6.7627,
      143.47192893136065
    ],
    [
      6.7797,
      148.22354812739246
    ]
  ],
  "peak_timestamps": []
}