{
  "video": "videos/kateb60.mp4",
  "direction": "left",
  "knee_used": "left",
  "cadence_rpm": null,
  "cycle_count": 0,
  "cycle_timestamps": [],
  "cycle_periods_sec": [],
  "std_dev_rpm": null,
  "rpm_method": "peak_detection",
  "best_run": {
    "frame_idx_start": 143,
    "frame_idx_end": 160,
    "frame_count": 18,
    "duration_sec": 0.57,
    "total_runs": 1
  },
  "metrics": {
    "frames_with_angle": 18,
    "frames_in_best_run": 18,
    "peaks_found": 0,
    "time_span_sec": 0.57
  },
  "angle_series": [
    [
      4.8202,
      144.8627732739751
    ],
    [
      4.8539,
      132.89839996919812
    ],
    [
      4.8876,
      122.17634615787918
    ],
    [
      4.9213,
      112.69661184001825
    ],
    [
      4.9551,
      104.45919701561532
    ],
    [
      4.9888,
      97.46410168467071
    ],
    [
      5.0225,
      93.99639421866206
    ],
    [
      5.0562,
      95.02415057778285
    ],
    [
      5.0899,
      98.31738437599594
    ],
    [
      5.1236,
      88.6649019649123
    ],
    [
      5.1573,
      72.33368189415779
    ],
    [
      5.191,
      72.60462309006992
    ],
    [
      5.2247,
      73.63668673345958
    ],
    [
      5.2584,
      76.1338364489271
    ],
    [
      5.2921,
      81.37573121202055
    ],
    [
      5.3258,
      89.36237102273971
    ],
    [
      5.3596,
      100.09375588108458
    ],
    [
      5.3933,
      113.56988578705514
    ]
  ],
  "peak_timestamps": []
}