{
  "video": "videos/dervlab60.MP4",
  "direction": "left",
  "knee_used": "left",
  "cadence_rpm": 60.0,
  "cycle_count": 3,
  "cycle_timestamps": [
    22.3285,
    23.2123,
    24.3295
  ],
  "cycle_periods_sec": [
    0.8838,
    1.1172
  ],
  "std_dev_rpm": 7.1,
  "rpm_method": "peak_detection",
  "best_run": {
    "frame_idx_start": 1320,
    "frame_idx_end": 1507,
    "frame_count": 183,
    "duration_sec": 3.12,
    "total_runs": 1
  },
  "metrics": {
    "frames_with_angle": 183,
    "frames_in_best_run": 183,
    "peaks_found": 3,
    "time_span_sec": 3.12
  },
  "angle_series": [
    [
      22.0116,
      162.76696131442793
    ],
    [
      22.0283,
      166.41219768969484
    ],
    [
      22.045,
      167.89024816982257
    ],
    [
      22.0617,
      167.2011127548111
    ],
    [
      22.095,
      164.34479144466047
    ],
    [
      22.1284,
      159.32128423937112
    ],
    [
      22.145,
      144.74266244739388
    ],
    [
      22.1617,
      136.68821744914797
    ],
    [
      22.1784,
      134.50473896654
    ],
    [
      22.2117,
      136.67194530724456
    ],
    [
      22.2284,
      136.4064954895528
    ],
    [
      22.2618,
      145.01023369597524
    ],
    [
      22.2784,
      151.92304234265612
    ],
    [
      22.2951,
      163.80700469313035
    ],
    [
      22.3118,
      175.56332469851475
    ],
    [
      22.3285,
      176.87529480457403
    ],
    [
      22.3451,
      170.1766134928857
    ],
    [
      22.3618,
      168.2403009605424
    ],
    [
      22.3785,
      167.96394111248443
    ],
    [
      22.3952,
      161.4276354665933
    ],
    [
      22.4118,
      156.75870835871308
    ],
    [
      22.4285,
      153.24588488013873
    ],
    [
      22.4452,
      149.55983457203934
    ],
    [
      22.4619,
      148.38057043019
    ],
    [
      22.4785,
      150.06885946755892
    ],
    [
      22.4952,
      149.26230831802783
    ],
    [
      22.5119,
      150.3604362982615
    ],
    [
      22.5286,
      155.68515204620235
    ],
    [
      22.5452,
      159.29611402748344
    ],
    [
      22.5619,
      161.88613022783065
    ],
    [
      22.5786,
      165.43523163964616
    ],
    [
      22.5953,
      165.86975528586458
    ],
    [
      22.6119,
      161.6437339236091
    ],
    [
      22.6286,
      156.83401294816292
    ],
    [
      22.6453,
      154.24346938613488
    ],
    [
      22.662,
      149.71981031183861
    ],
    [
      22.6787,
      146.98925695548482
    ],
    [
      22.6953,
      147.2309260208684
    ],
    [
      22.712,
      147.11810280114798
    ],
    [
      22.7287,
      150.81523238789376
    ],
    [
      22.7454,
      154.94968332024922
    ],
    [
      22.762,
      158.76949205759615
    ],
    [
      22.7787,
      159.60518989940334
    ],
    [
      22.7954,
      161.05445486655245
    ],
    [
      22.8121,
      166.6946232516391
    ],
    [
      22.8287,
      168.18711531664013
    ],
    [
      22.8454,
      165.10320845736703
    ],
    [
      22.8621,
      164.47667607525392
    ],
    [
      22.8788,
      167.29940865850065
    ],
    [
      22.8954,
      166.68131408705852
    ],
    [
      22.9121,
      165.80235820401776
    ],
    [
      22.9288,
      166.9141153701072
    ],
    [
      22.9455,
      160.8250518377637
    ],
    [
      22.9788,
      153.3974297779404
    ],
    [
      22.9955,
      153.34861648601654
    ],
    [
      23.0122,
      149.28362423803486
    ],
    [
      23.0288,
      145.92567080933543
    ],
    [
      23.0455,
      147.64697013224458
    ],
    [
      23.0622,
      150.74500332405788
    ],
    [
      23.0789,
      145.70561589438617
    ],
    [
      23.0955,
      145.64182549807495
    ],
    [
      23.1122,
      149.94906111004428
    ],
    [
      23.1289,
      150.36283103052483
    ],
    [
      23.1456,
      153.5065122798558
    ],
    [
      23.1622,
      162.39428063951084
    ],
    [
      23.1789,
      167.77980559012263
    ],
    [
      23.1956,
      173.62458287656688
    ],
    [
      23.2123,
      179.13902304471816
    ],
    [
      23.2289,
      177.9638121627209
    ],
    [
      23.2456,
      173.74119552330302
    ],
    [
      23.2623,
      172.01530923057783
    ],
    [
      23.279,
      172.29962623610442
    ],
    [
      23.2956,
      173.40588938327366
    ],
    [
      23.3123,
      171.72758713756326
    ],
    [
      23.329,
      166.17706396207478
    ],
    [
      23.3457,
      155.5972931995584
    ],
    [
      23.3623,
      152.0554929279598
    ],
    [
      23.379,
      147.94027944758182
    ],
    [
      23.3957,
      140.6554400470062
    ],
    [
      23.4124,
      135.34874238638622
    ],
    [
      23.429,
      131.80017844638377
    ],
    [
      23.4457,
      133.98853000259084
    ],
    [
      23.4624,
      138.16671531729804
    ],
    [
      23.4791,
      139.55459512177836
    ],
    [
      23.4958,
      138.60064524522267
    ],
    [
      23.5124,
      136.47609092026255
    ],
    [
      23.5291,
      142.15652891128408
    ],
    [
      23.5458,
      143.67532972695682
    ],
    [
      23.5625,
      144.7122374474851
    ],
    [
      23.5791,
      146.27188496372491
    ],
    [
      23.5958,
      148.5860204094218
    ],
    [
      23.6125,
      148.38493185274066
    ],
    [
      23.6292,
      148.80190801451727
    ],
    [
      23.6458,
      149.90435896805334
    ],
    [
      23.6625,
      147.1608843012839
    ],
    [
      23.6792,
      143.98174497778038
    ],
    [
      23.6959,
      141.18286512456802
    ],
    [
      23.7125,
      136.49097111868224
    ],
    [
      23.7292,
      129.6802176087012
    ],
    [
      23.7459,
      125.57681174712609
    ],
    [
      23.7626,
      122.4254947762498
    ],
    [
      23.7792,
      121.08836492324363
    ],
    [
      23.7959,
      120.96178132005457
    ],
    [
      23.8126,
      124.61143166186605
    ],
    [
      23.8293,
      128.70145938506835
    ],
    [
      23.8459,
      139.6763779426796
    ],
    [
      23.8626,
      148.2082913543099
    ],
    [
      23.8793,
      154.23806880360848
    ],
    [
      23.896,
      158.83810347785035
    ],
    [
      23.9126,
      162.7770816037003
    ],
    [
      23.9293,
      163.81698377408233
    ],
    [
      23.946,
      166.24434327294438
    ],
    [
      23.9627,
      164.94623565295532
    ],
    [
      23.9793,
      164.76991978222182
    ],
    [
      23.996,
      162.28366342769993
    ],
    [
      24.0127,
      160.78327031955726
    ],
    [
      24.0294,
      157.80749530512315
    ],
    [
      24.046,
      155.24931668871716
    ],
    [
      24.0627,
      154.07305788305024
    ],
    [
      24.0794,
      150.11549288043113
    ],
    [
      24.0961,
      148.39748071483396
    ],
    [
      24.1127,
      147.96992135077463
    ],
    [
      24.1294,
      149.4557596709018
    ],
    [
      24.1461,
      147.97273583159912
    ],
    [
      24.1628,
      145.06645562125928
    ],
    [
      24.1794,
      145.29579119829694
    ],
    [
      24.1961,
      149.55229547139805
    ],
    [
      24.2128,
      153.27858762564534
    ],
    [
      24.2295,
      158.2783075167153
    ],
    [
      24.2461,
      163.5639506244683
    ],
    [
      24.2628,
      169.16470097563848
    ],
    [
      24.2795,
      171.94966517901173
    ],
    [
      24.2962,
      174.15128620941547
    ],
    [
      24.3128,
      174.9769245415825
    ],
    [
      24.3295,
      176.19170925473765
    ],
    [
      24.3462,
      174.5374396721076
    ],
    [
      24.3629,
      171.05359515661635
    ],
    [
      24.3796,
      163.78628854668455
    ],
    [
      24.3962,
      156.20226246121788
    ],
    [
      24.4129,
      144.31822233692472
    ],
    [
      24.4296,
