{
  "video": "videos/romanb30.mp4",
  "direction": "left",
  "knee_used": "left",
  "cadence_rpm": null,
  "cycle_count": 1,
  "cycle_timestamps": [
    10.0787
  ],
  "cycle_periods_sec": [],
  "std_dev_rpm": null,
  "rpm_method": "peak_detection",
  "best_run": {
    "frame_idx_start": 290,
    "frame_idx_end": 321,
    "frame_count": 32,
    "duration_sec": 1.04,
    "total_runs": 1
  },
  "metrics": {
    "frames_with_angle": 32,
    "frames_in_best_run": 32,
    "peaks_found": 1,
    "time_span_sec": 1.04
  },
  "angle_series": [
    [
      9.7753,
      102.32825568937899
    ],
    [
      9.809,
      108.82478741575352
    ],
    [
      9.8427,
      115.26608913722517
    ],
    [
      9.8764,
      121.65216085379394
    ],
    [
      9.9101,
      127.98300256545986
    ],
    [
      9.9438,
      134.25861427222333
    ],
    [
      9.9775,
      140.80917427142583
    ],
    [
      10.0112,
      147.7853611586908
    ],
    [
      10.0449,
      156.29340497765918
    ],
    [
      10.0787,
      165.60311755462385
    ],
    [
      10.1124,
      159.15730072560288
    ],
    [
      10.1461,
      159.32569151192206
    ],
    [
      10.1798,
      147.74900048431255
    ],
    [
      10.2135,
      130.7436220393343
    ],
    [
      10.2472,
      116.27334046999408
    ],
    [
      10.2809,
      106.74333787674325
    ],
    [
      10.3146,
      98.97700546833515
    ],
    [
      10.3483,
      96.30413503619359
    ],
    [
      10.382,
      99.91672181266942
    ],
    [
      10.4157,
      102.36055610645202
    ],
    [
      10.4494,
      96.39460147126601
    ],
    [
      10.4831,
      100.68898119763784
    ],
    [
      10.5169,
      93.80385607344732
    ],
    [
      10.5506,
      88.4459846860507
    ],
    [
      10.5843,
      85.78859068546981
    ],
    [
      10.618,
      84.40757192907157
    ],
    [
      10.6517,
      84.11081906895774
    ],
    [
      10.6854,
      84.8224946425296
    ],
    [
      10.7191,
      86.60640865654872
    ],
    [
      10.7528,
      89.46256111101485
    ],
    [
      10.7865,
      93.39095200592794
    ],
    [
      10.8202,
      98.39158134128805
    ]
  ],
  "peak_timestamps": [
    10.0787
  ]
}