{
  "video": "videos/jennyb60.mp4",
  "direction": "left",
  "knee_used": "left",
  "cadence_rpm": 93.2,
  "cycle_count": 2,
  "cycle_timestamps": [
    7.5424,
    8.1864
  ],
  "cycle_periods_sec": [
    0.644
  ],
  "std_dev_rpm": null,
  "rpm_method": "peak_detection",
  "best_run": {
    "frame_idx_start": 426,
    "frame_idx_end": 489,
    "frame_count": 64,
    "duration_sec": 1.07,
    "total_runs": 1
  },
  "metrics": {
    "frames_with_angle": 64,
    "frames_in_best_run": 64,
    "peaks_found": 2,
    "time_span_sec": 1.07
  },
  "angle_series": [
    [
      7.2203,
      77.0700009490667
    ],
    [
      7.2373,
      77.0570555336249
    ],
    [
      7.2542,
      77.64470714550087
    ],
    [
      7.2712,
      78.83295578469458
    ],
    [
      7.2881,
      80.62180145120603
    ],
    [
      7.3051,
      83.01124414503552
    ],
    [
      7.322,
      85.8144094112015
    ],
    [
      7.339,
      89.60167514809316
    ],
    [
      7.3559,
      93.92264819916622
    ],
    [
      7.3729,
      100.3319145140256
    ],
    [
      7.3898,
      105.8249237104045
    ],
    [
      7.4068,
      111.74995646043402
    ],
    [
      7.4237,
      117.35906644677624
    ],
    [
      7.4407,
      123.11143001909866
    ],
    [
      7.4576,
      128.35735715382117
    ],
    [
      7.4746,
      133.11346161151147
    ],
    [
      7.4915,
      136.83583032894066
    ],
    [
      7.5085,
      142.2408937076695
    ],
    [
      7.5254,
      145.48072370038898
    ],
    [
      7.5424,
      146.10900015239937
    ],
    [
      7.5593,
      144.34312735720573
    ],
    [
      7.5763,
      135.55741230702188
    ],
    [
      7.5932,
      121.20560157049317
    ],
    [
      7.6102,
      104.61229202678459
    ],
    [
      7.6271,
      88.53742900938175
    ],
    [
      7.6441,
      74.33592163984936
    ],
    [
      7.661,
      64.37839344908619
    ],
    [
      7.678,
      56.24743745446714
    ],
    [
      7.6949,
      51.95539512060178
    ],
    [
      7.7119,
      56.515916655857794
    ],
    [
      7.7288,
      66.07980474812632
    ],
    [
      7.7458,
      73.31103355753348
    ],
    [
      7.7627,
      80.19608972063057
    ],
    [
      7.7797,
      85.76807141144728
    ],
    [
      7.7966,
      94.76040796277435
    ],
    [
      7.8136,
      103.1784797395253
    ],
    [
      7.8305,
      106.48730747323057
    ],
    [
      7.8475,
      100.63382665964886
    ],
    [
      7.8644,
      93.93936573530293
    ],
    [
      7.8814,
      87.02671515035729
    ],
    [
      7.8983,
      80.07065035531157
    ],
    [
      7.9153,
      71.71317471214914
    ],
    [
      7.9322,
      63.37097082264679
    ],
    [
      7.9492,
      58.83978678125204
    ],
    [
      7.9661,
      60.43408154459949
    ],
    [
      7.9831,
      61.809141590003925
    ],
    [
      8.0,
      61.1895646928375
    ],
    [
      8.0169,
      68.63845328855908
    ],
    [
      8.0339,
      73.21013771106507
    ],
    [
      8.0508,
      77.82895916643238
    ],
    [
      8.0678,
      81.1639287669449
    ],
    [
      8.0847,
      88.54344970954097
    ],
    [
      8.1017,
      96.31948467986041
    ],
    [
      8.1186,
      106.25548820834172
    ],
    [
      8.1356,
      114.14778900099807
    ],
    [
      8.1525,
      119.7974412029802
    ],
    [
      8.1695,
      118.97776911595861
    ],
    [
      8.1864,
      120.00330759135228
    ],
    [
      8.2034,
      115.83534348527851
    ],
    [
      8.2203,
      112.90077173674332
    ],
    [
      8.2373,
      108.34304990838922
    ],
    [
      8.2542,
      102.16217800021582
    ],
    [
      8.2712,
      94.35815601222313
    ],
    [
      8.2881,
      84.93098394441117
    ]
  ],
  "peak_timestamps": [
    7.5424,
    8.1864
  ]
}