{
  "video": "videos/liamb60.MP4",
  "direction": "right",
  "knee_used": "right",
  "cadence_rpm": 75.7,
  "cycle_count": 3,
  "cycle_timestamps": [
    17.4595,
    18.3767,
    19.0437
  ],
  "cycle_periods_sec": [
    0.9172,
    0.667
  ],
  "std_dev_rpm": 12.3,
  "rpm_method": "peak_detection",
  "best_run": {
    "frame_idx_start": 1039,
    "frame_idx_end": 1148,
    "frame_count": 110,
    "duration_sec": 1.82,
    "total_runs": 1
  },
  "metrics": {
    "frames_with_angle": 110,
    "frames_in_best_run": 110,
    "peaks_found": 3,
    "time_span_sec": 1.82
  },
  "angle_series": [
    [
      17.3261,
      104.61670870235346
    ],
    [
      17.3428,
      111.86386082489356
    ],
    [
      17.3595,
      118.0744255901477
    ],
    [
      17.3762,
      123.24840299811586
    ],
    [
      17.3928,
      127.38579304879806
    ],
    [
      17.4095,
      130.48659574219465
    ],
    [
      17.4262,
      133.49768508023305
    ],
    [
      17.4429,
      136.22264360639358
    ],
    [
      17.4595,
      138.1091038113796
    ],
    [
      17.4762,
      132.5471249446868
    ],
    [
      17.4929,
      119.75174215509966
    ],
    [
      17.5096,
      117.14387744619128
    ],
    [
      17.5262,
      115.33231902416041
    ],
    [
      17.5429,
      113.82375890548528
    ],
    [
      17.5596,
      110.54343342456701
    ],
    [
      17.5763,
      104.75150237603533
    ],
    [
      17.593,
      104.6294216174344
    ],
    [
      17.6096,
      103.2836684420798
    ],
    [
      17.6263,
      104.30064129824842
    ],
    [
      17.643,
      98.67146094437967
    ],
    [
      17.6597,
      91.84262379657619
    ],
    [
      17.6763,
      91.62205083541824
    ],
    [
      17.693,
      89.44121775689851
    ],
    [
      17.7097,
      92.36708627076189
    ],
    [
      17.7264,
      92.46706302657046
    ],
    [
      17.743,
      93.02423661943712
    ],
    [
      17.7597,
      93.75058987723538
    ],
    [
      17.7764,
      94.68964973012169
    ],
    [
      17.7931,
      96.39145667199644
    ],
    [
      17.8097,
      98.68210116129498
    ],
    [
      17.8264,
      98.95632338448917
    ],
    [
      17.8431,
      101.22304826858255
    ],
    [
      17.8598,
      107.27475967575424
    ],
    [
      17.8764,
      117.29522810587693
    ],
    [
      17.8931,
      122.3565724624774
    ],
    [
      17.9098,
      125.73964443076721
    ],
    [
      17.9265,
      125.49164227914436
    ],
    [
      17.9431,
      126.67192342259776
    ],
    [
      17.9598,
      122.28597912434569
    ],
    [
      17.9765,
      117.3066287088651
    ],
    [
      17.9932,
      109.60832850665798
    ],
    [
      18.0098,
      103.5049578913744
    ],
    [
      18.0265,
      103.7116426068119
    ],
    [
      18.0432,
      108.61806071276962
    ],
    [
      18.0599,
      111.28921935643822
    ],
    [
      18.0765,
      114.69558320084455
    ],
    [
      18.0932,
      117.57163596364376
    ],
    [
      18.1099,
      121.87987888697185
    ],
    [
      18.1266,
      122.27532603605995
    ],
    [
      18.1433,
      122.38304523788776
    ],
    [
      18.1599,
      119.90546860836633
    ],
    [
      18.1766,
      116.63210703264056
    ],
    [
      18.1933,
      118.02356103188157
    ],
    [
      18.21,
      122.11307610134389
    ],
    [
      18.2266,
      124.63373370153906
    ],
    [
      18.2433,
      127.34033210400484
    ],
    [
      18.26,
      130.43758870197667
    ],
    [
      18.2767,
      135.20793571749456
    ],
    [
      18.2933,
      139.52795988617274
    ],
    [
      18.31,
      144.9684325845317
    ],
    [
      18.3267,
      147.5852780363136
    ],
    [
      18.3434,
      149.4528504621092
    ],
    [
      18.36,
      150.29905135417727
    ],
    [
      18.3767,
      151.06009962797287
    ],
    [
      18.3934,
      150.28318196592662
    ],
    [
      18.4101,
      147.25411617054863
    ],
    [
      18.4267,
      145.524664381945
    ],
    [
      18.4434,
      140.96271164073445
    ],
    [
      18.4601,
      137.5051646332463
    ],
    [
      18.4768,
      134.11603495809288
    ],
    [
      18.4934,
      130.36403649357473
    ],
    [
      18.5101,
      125.9916719291895
    ],
    [
      18.5268,
      120.9606396057483
    ],
    [
      18.5435,
      112.73661526123972
    ],
    [
      18.5601,
      105.81506689139354
    ],
    [
      18.5768,
      99.85021460899809
    ],
    [
      18.5935,
      99.26731019738733
    ],
    [
      18.6102,
      104.9159912700779
    ],
    [
      18.6269,
      113.06668538533071
    ],
    [
      18.6435,
      118.48231992160063
    ],
    [
      18.6602,
      121.22382655649186
    ],
    [
      18.6769,
      122.28255665010653
    ],
    [
      18.6936,
      120.50793216334384
    ],
    [
      18.7102,
      114.1293494701651
    ],
    [
      18.7269,
      110.21385048419336
    ],
    [
      18.7436,
      109.11540890848374
    ],
    [
      18.7603,
      113.88944684570214
    ],
    [
      18.7769,
      124.50164042527683
    ],
    [
      18.7936,
      128.4435048228475
    ],
    [
      18.8103,
      127.8326038389026
    ],
    [
      18.827,
      124.03025797031427
    ],
    [
      18.8436,
      123.20571124003698
    ],
    [
      18.8603,
      121.62428046103403
    ],
    [
      18.877,
      122.42878015605582
    ],
    [
      18.8937,
      122.8668665370811
    ],
    [
      18.9103,
      125.86204601357407
    ],
    [
      18.927,
      129.3439427117195
    ],
    [
      18.9437,
      132.2315178717255
    ],
    [
      18.9604,
      133.27446304053842
    ],
    [
      18.977,
      134.1943621946225
    ],
    [
      18.9937,
      135.2157441836267
    ],
    [
      19.0104,
      138.82223393471958
    ],
    [
      19.0271,
      140.07476316734878
    ],
    [
      19.0437,
      140.40143372760963
    ],
    [
      19.0604,
      135.2898736713641
    ],
    [
      19.0771,
      131.8575734430188
    ],
    [
      19.0938,
      127.32360961377704
    ],
    [
      19.1104,
      121.68798218363835
    ],
    [
      19.1271,
      114.95069115260277
    ],
    [
      19.1438,
      107.11173652067026
    ]
  ],
  "peak_timestamps": [
    17.4595,
    18.3767,
    19.0437
  ]
}