{
  "video": "videos/jennyb30.mp4",
  "direction": "left",
  "knee_used": "left",
  "cadence_rpm": 86.3,
  "cycle_count": 2,
  "cycle_timestamps": [
    12.2373,
    12.9322
  ],
  "cycle_periods_sec": [
    0.6949
  ],
  "std_dev_rpm": null,
  "rpm_method": "peak_detection",
  "best_run": {
    "frame_idx_start": 686,
    "frame_idx_end": 767,
    "frame_count": 82,
    "duration_sec": 1.37,
    "total_runs": 1
  },
  "metrics": {
    "frames_with_angle": 82,
    "frames_in_best_run": 82,
    "peaks_found": 2,
    "time_span_sec": 1.37
  },
  "angle_series": [
    [
      11.6271,
      115.04335388889608
    ],
    [
      11.6441,
      116.40899109075836
    ],
    [
      11.661,
      116.23452053749135
    ],
    [
      11.678,
      114.51994222909505
    ],
    [
      11.6949,
      111.26525616556945
    ],
    [
      11.7119,
      106.47046234691486
    ],
    [
      11.7288,
      94.0252436307021
    ],
    [
      11.7458,
      86.05500709412476
    ],
    [
      11.7627,
      79.84186950573329
    ],
    [
      11.7797,
      76.96038540671658
    ],
    [
      11.7966,
      75.35883654617906
    ],
    [
      11.8136,
      77.45764668699846
    ],
    [
      11.8305,
      83.76551010691398
    ],
    [
      11.8475,
      88.83564042954961
    ],
    [
      11.8644,
      92.0070970824776
    ],
    [
      11.8814,
      95.59060392296989
    ],
    [
      11.8983,
      97.9814695431585
    ],
    [
      11.9153,
      101.18728392001587
    ],
    [
      11.9322,
      102.23064172438485
    ],
    [
      11.9492,
      102.55583123442418
    ],
    [
      11.9661,
      102.49347936828451
    ],
    [
      11.9831,
      104.93504382759379
    ],
    [
      12.0,
      106.55094376066131
    ],
    [
      12.0169,
      108.01657285931977
    ],
    [
      12.0339,
      109.79822005972952
    ],
    [
      12.0508,
      114.20453741997117
    ],
    [
      12.0678,
      119.91928064463585
    ],
    [
      12.0847,
      124.03502619609853
    ],
    [
      12.1017,
      128.87131762013036
    ],
    [
      12.1186,
      131.75725179486636
    ],
    [
      12.1356,
      132.8155242907764
    ],
    [
      12.1525,
      135.31718976400336
    ],
    [
      12.1695,
      138.8714080120467
    ],
    [
      12.1864,
      142.08470870103162
    ],
    [
      12.2034,
      144.2459709049474
    ],
    [
      12.2203,
      154.60013577685527
    ],
    [
      12.2373,
      154.74921357187515
    ],
    [
      12.2542,
      146.35474467554644
    ],
    [
      12.2712,
      130.48949276352377
    ],
    [
      12.2881,
      115.25060521653424
    ],
    [
      12.3051,
      94.74030344308525
    ],
    [
      12.322,
      83.21728108247683
    ],
    [
      12.339,
      71.33311053600805
    ],
    [
      12.3559,
      64.60054718753864
    ],
    [
      12.3729,
      66.46741803290772
    ],
    [
      12.3898,
      78.95794032052413
    ],
    [
      12.4068,
      82.74616452789041
    ],
    [
      12.4237,
      92.19619122387896
    ],
    [
      12.4407,
      100.01632148783287
    ],
    [
      12.4576,
      109.44695268987462
    ],
    [
      12.4746,
      112.35931332209778
    ],
    [
      12.4915,
      127.23361651821715
    ],
    [
      12.5085,
      126.51716449689872
    ],
    [
      12.5254,
      122.43070182432979
    ],
    [
      12.5424,
      116.16641512522517
    ],
    [
      12.5593,
      107.54224228355807
    ],
    [
      12.5763,
      97.16646822309329
    ],
    [
      12.5932,
      90.29786254273594
    ],
    [
      12.6102,
      79.89766300742076
    ],
    [
      12.6271,
      71.20674650715418
    ],
    [
      12.6441,
      65.91139736000433
    ],
    [
      12.661,
      69.45994282900398
    ],
    [
      12.678,
      66.54571910258272
    ],
    [
      12.6949,
      67.0617744891031
    ],
    [
      12.7119,
      65.73153076363475
    ],
    [
      12.7288,
      67.98383721668509
    ],
    [
      12.7458,
      69.91069126387512
    ],
    [
      12.7627,
      67.90576295854339
    ],
    [
      12.7797,
      68.16815452021405
    ],
    [
      12.7966,
      70.06296940946771
    ],
    [
      12.8136,
      72.20779229742953
    ],
    [
      12.8305,
      74.32547416488758
    ],
    [
      12.8475,
      82.59640955645065
    ],
    [
      12.8644,
      94.19977068531028
    ],
    [
      12.8814,
      104.4864394952043
    ],
    [
      12.8983,
      120.34452935393986
    ],
    [
      12.9153,
      128.28032094880422
    ],
    [
      12.9322,
      130.967720050978
    ],
    [
      12.9492,
      130.0048964159704
    ],
    [
      12.9661,
      125.39185004378103
    ],
    [
      12.9831,
      117.12858093440991
    ],
    [
      13.0,
      105.21508908785705
    ]
  ],
  "peak_timestamps": [
    12.2373,
    12.9322
  ]
}