{
  "video": "videos/kateb30.mp4",
  "direction": "left",
  "knee_used": "left",
  "cadence_rpm": 74.2,
  "cycle_count": 1,
  "cycle_timestamps": [],
  "cycle_periods_sec": [
    0.809
  ],
  "std_dev_rpm": null,
  "rpm_method": "autocorrelation",
  "best_run": {
    "frame_idx_start": 207,
    "frame_idx_end": 238,
    "frame_count": 32,
    "duration_sec": 1.05,
    "total_runs": 1
  },
  "metrics": {
    "frames_with_angle": 32,
    "frames_in_best_run": 32,
    "peaks_found": 1,
    "time_span_sec": 1.05
  },
  "angle_series": [
    [
      6.9775,
      84.84113559669507
    ],
    [
      7.0112,
      83.66918589828032
    ],
    [
      7.0449,
      83.6712184208501
    ],
    [
      7.0787,
      84.84723316440441
    ],
    [
      7.1124,
      87.19723012894326
    ],
    [
      7.1461,
      90.7212093144669
    ],
    [
      7.1798,
      94.778863016902
    ],
    [
      7.2135,
      102.39878127181697
    ],
    [
      7.2472,
      109.6216207576417
    ],
    [
      7.2809,
      121.31182865875913
    ],
    [
      7.3146,
      126.9335613107413
    ],
    [
      7.3483,
      128.69914121833267
    ],
    [
      7.382,
      128.8971696377148
    ],
    [
      7.4157,
      130.18668795833142
    ],
    [
      7.4494,
      128.86275160508163
    ],
    [
      7.4831,
      125.49154623349648
    ],
    [
      7.5169,
      119.96265136738685
    ],
    [
      7.5506,
      114.85903079512865
    ],
    [
      7.5843,
      110.03831345433429
    ],
    [
      7.618,
      108.92390314478578
    ],
    [
      7.6517,
      98.98582107546983
    ],
    [
      7.6854,
      83.00167685213393
    ],
    [
      7.7191,
      70.98218888540654
    ],
    [
      7.7528,
      65.74126472081929
    ],
    [
      7.7865,
      60.565691118449465
    ],
    [
      7.8202,
      60.30390744005188
    ],
    [
      7.8539,
      61.839246175823135
    ],
    [
      7.8876,
      63.952505825172
    ],
    [
      7.9213,
      68.31947689063591
    ],
    [
      7.9551,
      74.94015937221471
    ],
    [
      7.9888,
      83.81455326990837
    ],
    [
      8.0225,
      94.94265858371689
    ]
  ],
  "peak_timestamps": []
}