{
  "video": "videos/paddyb60.MP4",
  "direction": "left",
  "knee_used": "left",
  "cadence_rpm": 68.5,
  "cycle_count": 3,
  "cycle_timestamps": [
    8.3378,
    9.0382,
    10.0887
  ],
  "cycle_periods_sec": [
    0.7004,
    1.0505
  ],
  "std_dev_rpm": 14.3,
  "rpm_method": "peak_detection",
  "best_run": {
    "frame_idx_start": 483,
    "frame_idx_end": 629,
    "frame_count": 147,
    "duration_sec": 2.43,
    "total_runs": 1
  },
  "metrics": {
    "frames_with_angle": 147,
    "frames_in_best_run": 147,
    "peaks_found": 3,
    "time_span_sec": 2.43
  },
  "angle_series": [
    [
      8.0543,
      122.00030858754654
    ],
    [
      8.071,
      118.76643448025891
    ],
    [
      8.0876,
      117.13199258274187
    ],
    [
      8.1043,
      117.0969828949954
    ],
    [
      8.121,
      118.66140541701954
    ],
    [
      8.1377,
      121.82526014881466
    ],
    [
      8.1543,
      128.90357970058358
    ],
    [
      8.171,
      135.52512032282786
    ],
    [
      8.1877,
      144.9091983937247
    ],
    [
      8.2044,
      149.98082164967124
    ],
    [
      8.221,
      154.34953190621613
    ],
    [
      8.2377,
      156.87472055828246
    ],
    [
      8.2544,
      156.87913466431576
    ],
    [
      8.2711,
      157.5268464057749
    ],
    [
      8.2878,
      158.26110249706068
    ],
    [
      8.3044,
      157.93391130153964
    ],
    [
      8.3211,
      158.43754851750424
    ],
    [
      8.3378,
      159.437510273452
    ],
    [
      8.3545,
      156.27988685260317
    ],
    [
      8.3711,
      149.56832440318297
    ],
    [
      8.3878,
      141.89528013064455
    ],
    [
      8.4045,
      133.04775419584854
    ],
    [
      8.4212,
      123.35396832310786
    ],
    [
      8.4378,
      115.43766792218565
    ],
    [
      8.4545,
      109.34240474371234
    ],
    [
      8.4712,
      104.89420450222514
    ],
    [
      8.4879,
      104.31268146886867
    ],
    [
      8.5045,
      111.043122864329
    ],
    [
      8.5212,
      115.35553032412048
    ],
    [
      8.5379,
      126.64300232874774
    ],
    [
      8.5546,
      139.0618795697413
    ],
    [
      8.5712,
      148.50666653693202
    ],
    [
      8.5879,
      156.71700597524142
    ],
    [
      8.6046,
      158.15074856815914
    ],
    [
      8.6213,
      154.01193760198635
    ],
    [
      8.6379,
      146.76531172088232
    ],
    [
      8.6546,
      137.63409452425194
    ],
    [
      8.6713,
      129.5119386438398
    ],
    [
      8.688,
      123.97823167446573
    ],
    [
      8.7046,
      123.70988802596392
    ],
    [
      8.7213,
      122.6294363454293
    ],
    [
      8.738,
      123.4139361968094
    ],
    [
      8.7547,
      124.61357048854752
    ],
    [
      8.7713,
      122.05378622179735
    ],
    [
      8.788,
      120.47620411961788
    ],
    [
      8.8047,
      119.60003846946228
    ],
    [
      8.8214,
      115.14998222383585
    ],
    [
      8.838,
      107.75052070720841
    ],
    [
      8.8547,
      103.4015750981433
    ],
    [
      8.8714,
      108.36641512271794
    ],
    [
      8.8881,
      112.36632966105401
    ],
    [
      8.9047,
      113.82674767132195
    ],
    [
      8.9214,
      115.07217570550893
    ],
    [
      8.9381,
      119.8649383372945
    ],
    [
      8.9548,
      128.23767637591982
    ],
    [
      8.9714,
      136.02491841256438
    ],
    [
      8.9881,
      140.89536935836045
    ],
    [
      9.0048,
      145.32352910421633
    ],
    [
      9.0215,
      157.22119821165307
    ],
    [
      9.0382,
      164.98889214007232
    ],
    [
      9.0548,
      157.55582960024165
    ],
    [
      9.0715,
      143.3443676982767
    ],
    [
      9.0882,
      129.26909702856997
    ],
    [
      9.1049,
      116.16496011751221
    ],
    [
      9.1215,
      104.03671607106097
    ],
    [
      9.1382,
      96.34624430525506
    ],
    [
      9.1549,
      93.70768775881848
    ],
    [
      9.1716,
      96.56384691301344
    ],
    [
      9.1882,
      104.89549215316558
    ],
    [
      9.2049,
      103.20735947190745
    ],
    [
      9.2216,
      100.91589113146483
    ],
    [
      9.2383,
      98.14287257464613
    ],
    [
      9.2549,
      98.7081899674165
    ],
    [
      9.2716,
      102.10681982948145
    ],
    [
      9.2883,
      107.76180897713634
    ],
    [
      9.305,
      116.8066408120755
    ],
    [
      9.3216,
      123.80370024038537
    ],
    [
      9.3383,
      129.98720456629445
    ],
    [
      9.355,
      133.25001853908532
    ],
    [
      9.3717,
      133.4768167679895
    ],
    [
      9.3883,
      130.72259338877996
    ],
    [
      9.405,
      126.44562966796033
    ],
    [
      9.4217,
      124.94873465388258
    ],
    [
      9.4384,
      126.92090701485876
    ],
    [
      9.455,
      127.40605016121853
    ],
    [
      9.4717,
      123.71340927069585
    ],
    [
      9.4884,
      123.95133078917053
    ],
    [
      9.5051,
      122.66425544173529
    ],
    [
      9.5217,
      117.22774945086488
    ],
    [
      9.5384,
      111.01116202918976
    ],
    [
      9.5551,
      104.0810570895836
    ],
    [
      9.5718,
      100.08969515163443
    ],
    [
      9.5884,
      93.76405093769017
    ],
    [
      9.6051,
      94.0892501428484
    ],
    [
      9.6218,
      93.79779146929268
    ],
    [
      9.6385,
      99.19449413175082
    ],
    [
      9.6551,
      111.10474691559281
    ],
    [
      9.6718,
      123.07509683750263
    ],
    [
      9.6885,
      135.02853925691284
    ],
    [
      9.7052,
      141.83114446265716
    ],
    [
      9.7218,
      144.73964611666088
    ],
    [
      9.7385,
      143.48718978637027
    ],
    [
      9.7552,
      142.12444582787512
    ],
    [
      9.7719,
      141.28900735363013
    ],
    [
      9.7886,
      138.05115029187988
    ],
    [
      9.8052,
      136.4582566321525
    ],
    [
      9.8219,
      131.17467262582522
    ],
    [
      9.8386,
      125.97412488842318
    ],
    [
      9.8553,
      119.48148020216269
    ],
    [
      9.8719,
      110.24150596285637
    ],
    [
      9.8886,
      103.1838720858221
    ],
    [
      9.9053,
      99.3806705602403
    ],
    [
      9.922,
      102.90252093028813
    ],
    [
      9.9386,
      105.5875935264816
    ],
    [
      9.9553,
      108.39263902722887
    ],
    [
      9.972,
      112.97239219822359
    ],
    [
      9.9887,
      118.55043467552454
    ],
    [
      10.0053,
      124.0049107024225
    ],
    [
      10.022,
      131.18312289412265
    ],
    [
      10.0387,
      138.36227389186416
    ],
    [
      10.0554,
      145.14813549208714
    ],
    [
      10.072,
      150.21136718562394
    ],
    [
      10.0887,
      155.56189698408178
    ],
    [
      10.1054,
      154.4510518573038
    ],
    [
      10.1221,
      149.1297270693771
    ],
    [
      10.1387,
      142.38153650101262
    ],
    [
      10.1554,
      133.31698646374628
    ],
    [
      10.1721,
      123.94531825815346
    ],
    [
      10.1888,
      117.28511412632301
    ],
    [
      10.2054,
      112.0086853082357
    ],
    [
      10.2221,
      107.38047430569097
    ],
    [
      10.2388,
      104.74174217242319
    ],
    [
      10.2555,
      106.2030992036828
    ],
    [
      10.2721,
      105.9830689666708
    ],
    [
      10.2888,
      104.28277375640917
    ],
    [
      10.3055,
      104.63155471722808
    ],
    [
      10.3222,
      105.20182367039202
    ],
    [
      10.3388,
      108.473390141387
    ],
    [
      10.3555,
      115.69164113746214
    ],
    [
      10.3722,
      124.75614907237605
    ],
    [
      10.3889,
      133.16333085497013
    ],
    [
      10.4055,
      139.48052339479761
    ],
    [
      10.4222,
      142.50008891639968
    ],
