{
  "video": "videos/liamb30.MP4",
  "direction": "right",
  "knee_used": "right",
  "cadence_rpm": 72.0,
  "cycle_count": 3,
  "cycle_timestamps": [
    6.4368,
    7.1205,
    8.1044
  ],
  "cycle_periods_sec": [
    0.6837,
    0.9839
  ],
  "std_dev_rpm": 13.4,
  "rpm_method": "peak_detection",
  "best_run": {
    "frame_idx_start": 343,
    "frame_idx_end": 492,
    "frame_count": 150,
    "duration_sec": 2.48,
    "total_runs": 1
  },
  "metrics": {
    "frames_with_angle": 150,
    "frames_in_best_run": 150,
    "peaks_found": 3,
    "time_span_sec": 2.48
  },
  "angle_series": [
    [
      5.7198,
      154.12905253570406
    ],
    [
      5.7364,
      151.74876463569544
    ],
    [
      5.7531,
      150.13063404569766
    ],
    [
      5.7698,
      149.2746607657107
    ],
    [
      5.7865,
      149.18084479573457
    ],
    [
      5.8031,
      149.84918613576974
    ],
    [
      5.8198,
      151.96422873915517
    ],
    [
      5.8365,
      151.85600083047348
    ],
    [
      5.8532,
      153.04059876467556
    ],
    [
      5.8698,
      157.19292423694498
    ],
    [
      5.8865,
      161.2954282381872
    ],
    [
      5.9032,
      162.66369757961291
    ],
    [
      5.9199,
      164.91398393284865
    ],
    [
      5.9365,
      167.0223022208648
    ],
    [
      5.9532,
      167.31328600039444
    ],
    [
      5.9699,
      168.2420649799348
    ],
    [
      5.9866,
      167.2784527193685
    ],
    [
      6.0032,
      166.94885577234845
    ],
    [
      6.0199,
      161.80843280418765
    ],
    [
      6.0366,
      158.97398084664633
    ],
    [
      6.0533,
      157.4692834193097
    ],
    [
      6.0699,
      154.12696827255456
    ],
    [
      6.0866,
      149.85245923502333
    ],
    [
      6.1033,
      146.94424619171627
    ],
    [
      6.12,
      143.96801868427514
    ],
    [
      6.1367,
      144.05630330978397
    ],
    [
      6.1533,
      144.6860004101527
    ],
    [
      6.17,
      149.18521763650756
    ],
    [
      6.1867,
      150.05201180044023
    ],
    [
      6.2034,
      151.13782305658935
    ],
    [
      6.22,
      147.43274242728128
    ],
    [
      6.2367,
      139.12645793984237
    ],
    [
      6.2534,
      132.56220564749432
    ],
    [
      6.2701,
      127.98005016198778
    ],
    [
      6.2867,
      125.46377088571964
    ],
    [
      6.3034,
      130.45747012760904
    ],
    [
      6.3201,
      139.54818590283895
    ],
    [
      6.3368,
      149.25987471551377
    ],
    [
      6.3534,
      161.14819487686313
    ],
    [
      6.3701,
      169.4694242552952
    ],
    [
      6.3868,
      173.73629538563836
    ],
    [
      6.4035,
      174.53523131680691
    ],
    [
      6.4201,
      174.45739465114957
    ],
    [
      6.4368,
      177.93332735223441
    ],
    [
      6.4535,
      173.05883731582975
    ],
    [
      6.4702,
      164.9400461490492
    ],
    [
      6.4868,
      160.43959411077537
    ],
    [
      6.5035,
      151.0760676802584
    ],
    [
      6.5202,
      145.0542537425733
    ],
    [
      6.5369,
      141.22358508678053
    ],
    [
      6.5535,
      141.1304450183518
    ],
    [
      6.5702,
      140.38113383050097
    ],
    [
      6.5869,
      141.93370774110647
    ],
    [
      6.6036,
      151.16619302554903
    ],
    [
      6.6202,
      151.7713026259541
    ],
    [
      6.6369,
      152.3384768957515
    ],
    [
      6.6536,
      156.70997719051348
    ],
    [
      6.6703,
      156.38120903348104
    ],
    [
      6.6869,
      157.15676530764952
    ],
    [
      6.7036,
      159.09483140895165
    ],
    [
      6.7203,
      160.07544631994057
    ],
    [
      6.737,
      158.4422946927078
    ],
    [
      6.7537,
      156.38717093236434
    ],
    [
      6.7703,
      157.34438401184386
    ],
    [
      6.787,
      152.5247639511957
    ],
    [
      6.8037,
      150.20026333556754
    ],
    [
      6.8204,
      145.13466687352013
    ],
    [
      6.837,
      140.31949228128255
    ],
    [
      6.8537,
      135.54299097554645
    ],
    [
      6.8704,
      129.774020803792
    ],
    [
      6.8871,
      134.5478570252651
    ],
    [
      6.9037,
      134.25546124394106
    ],
    [
      6.9204,
      132.40917727053267
    ],
    [
      6.9371,
      131.96874742400115
    ],
    [
      6.9538,
      130.49766102517214
    ],
    [
      6.9704,
      134.4376543511568
    ],
    [
      6.9871,
      137.2948026587009
    ],
    [
      7.0038,
      141.35121271154213
    ],
    [
      7.0205,
      143.30586917772496
    ],
    [
      7.0371,
      147.80958748909836
    ],
    [
      7.0538,
      158.91110544796507
    ],
    [
      7.0705,
      159.38008915083745
    ],
    [
      7.0872,
      161.23427223893535
    ],
    [
      7.1038,
      166.83661556447566
    ],
    [
      7.1205,
      167.62545215033023
    ],
    [
      7.1372,
      164.21435859699062
    ],
    [
      7.1539,
      163.75219363149378
    ],
    [
      7.1705,
      157.6307210106636
    ],
    [
      7.1872,
      149.53124472806797
    ],
    [
      7.2039,
      143.06208299731458
    ],
    [
      7.2206,
      137.1646817659922
    ],
    [
      7.2372,
      130.0781949692024
    ],
    [
      7.2539,
      131.64759602090254
    ],
    [
      7.2706,
      138.82972923818846
    ],
    [
      7.2873,
      140.1939903945884
    ],
    [
      7.3039,
      136.52610462198274
    ],
    [
      7.3206,
      139.9464238667829
    ],
    [
      7.3373,
      140.51172021650942
    ],
    [
      7.354,
      139.33156193928667
    ],
    [
      7.3707,
      138.16745662126505
    ],
    [
      7.3873,
      138.37010662660973
    ],
    [
      7.404,
      134.7191798024432
    ],
    [
      7.4207,
      139.90676043698394
    ],
    [
      7.4374,
      142.41551073511047
    ],
    [
      7.454,
      146.32762716451487
    ],
    [
      7.4707,
      144.18017675894387
    ],
    [
      7.4874,
      146.94722181581284
    ],
    [
      7.5041,
      146.03032343991848
    ],
    [
      7.5207,
      140.8476696955792
    ],
    [
      7.5374,
      137.68740128421223
    ],
    [
      7.5541,
      133.9366969797087
    ],
    [
      7.5708,
      127.95468764235508
    ],
    [
      7.5874,
      124.19452630887344
    ],
    [
      7.6041,
      117.85317388837915
    ],
    [
      7.6208,
      117.70462132209889
    ],
    [
      7.6375,
      122.20994912846018
    ],
    [
      7.6541,
      126.91527347277318
    ],
    [
      7.6708,
      128.65067440903124
    ],
    [
      7.6875,
      128.42464676982854
    ],
    [
      7.7042,
      130.0751647991538
    ],
    [
      7.7208,
      130.0973184997062
    ],
    [
      7.7375,
      130.82676200939153
    ],
    [
      7.7542,
      130.12731261606797
    ],
    [
      7.7709,
      129.27208407482698
    ],
    [
      7.7875,
      130.83695665473246
    ],
    [
      7.8042,
      138.4305741420746
    ],
    [
      7.8209,
      142.6477614102315
    ],
    [
      7.8376,
      144.94376908244158
    ],
    [
      7.8542,
      142.1946934120853
    ],
    [
      7.8709,
      144.79213157864896
    ],
    [
      7.8876,
      143.0630094673965
    ],
    [
      7.9043,
      141.34767888428263
    ],
    [
      7.9209,
      136.87501791703062
    ],
    [
      7.9376,
      131.3652979048491
    ],
    [
      7.9543,
      124.16001143793454
    ],
    [
      7.971,
      121.03809584258066
    ],
    [
      7.9877,
      120.32498469338773
    ],
    [
      8.0043,
      117.63512272778834
    ],
    [
      8.021,
      118.11047243656242
    ],
    [
      8.0377,
      126.6343164604294
    ],
    [
      8.0544,
      135.38253310867395
    ],
    [
      8.071,
      144.05269733137334
    ],
    [
      8.0877,
      148.1820953600019
    ],
    [
      8.1044,
