{
  "video": "videos/alexb60.mp4",
  "direction": "right",
  "knee_used": "right",
  "cadence_rpm": 110.6,
  "cycle_count": 2,
  "cycle_timestamps": [
    6.0169,
    6.5593
  ],
  "cycle_periods_sec": [
    0.5424
  ],
  "std_dev_rpm": null,
  "rpm_method": "peak_detection",
  "best_run": {
    "frame_idx_start": 321,
    "frame_idx_end": 393,
    "frame_count": 73,
    "duration_sec": 1.22,
    "total_runs": 1
  },
  "metrics": {
    "frames_with_angle": 73,
    "frames_in_best_run": 73,
    "peaks_found": 2,
    "time_span_sec": 1.22
  },
  "angle_series": [
    [
      5.4407,
      84.11154776667259
    ],
    [
      5.4576,
      86.51151976996499
    ],
    [
      5.4746,
      88.57489085998158
    ],
    [
      5.4915,
      90.30166103672234
    ],
    [
      5.5085,
      91.69183030018728
    ],
    [
      5.5254,
      92.7453986503767
    ],
    [
      5.5424,
      94.00485700749616
    ],
    [
      5.5593,
      94.58634735887806
    ],
    [
      5.5763,
      95.04252578693385
    ],
    [
      5.5932,
      93.34680260966624
    ],
    [
      5.6102,
      92.7817384505235
    ],
    [
      5.6271,
      93.62089044132281
    ],
    [
      5.6441,
      96.197382565498
    ],
    [
      5.661,
      102.6664629598379
    ],
    [
      5.678,
      107.8398739226959
    ],
    [
      5.6949,
      115.74911586468261
    ],
    [
      5.7119,
      116.99308423019937
    ],
    [
      5.7288,
      120.49599433083236
    ],
    [
      5.7458,
      122.37537811237904
    ],
    [
      5.7627,
      128.96318400914723
    ],
    [
      5.7797,
      129.8022696017932
    ],
    [
      5.7966,
      126.52003444581531
    ],
    [
      5.8136,
      120.13630351877529
    ],
    [
      5.8305,
      112.43814490367667
    ],
    [
      5.8475,
      101.11250155248808
    ],
    [
      5.8644,
      89.04262743475378
    ],
    [
      5.8814,
      82.1681288404308
    ],
    [
      5.8983,
      87.0814219989762
    ],
    [
      5.9153,
      92.70767681954737
    ],
    [
      5.9322,
      105.28305519010055
    ],
    [
      5.9492,
      113.37198756156832
    ],
    [
      5.9661,
      120.53378669640341
    ],
    [
      5.9831,
      126.12701142632935
    ],
    [
      6.0,
      134.15712095719735
    ],
    [
      6.0169,
      135.16662083113965
    ],
    [
      6.0339,
      133.52858011808848
    ],
    [
      6.0508,
      133.56103829938203
    ],
    [
      6.0678,
      130.92970072222434
    ],
    [
      6.0847,
      118.76715438982957
    ],
    [
      6.1017,
      108.68699297145609
    ],
    [
      6.1186,
      99.07555703801977
    ],
    [
      6.1356,
      88.88417455849434
    ],
    [
      6.1525,
      82.19988629827685
    ],
    [
      6.1695,
      79.06828220978494
    ],
    [
      6.1864,
      74.42894854816431
    ],
    [
      6.2034,
      73.99855481974485
    ],
    [
      6.2203,
      73.74680234153598
    ],
    [
      6.2373,
      77.41161019079071
    ],
    [
      6.2542,
      81.69595374612325
    ],
    [
      6.2712,
      89.25910581858633
    ],
    [
      6.2881,
      96.70365231116298
    ],
    [
      6.3051,
      99.29794953912037
    ],
    [
      6.322,
      103.11584843333392
    ],
    [
      6.339,
      105.83489335324694
    ],
    [
      6.3559,
      112.68555706647392
    ],
    [
      6.3729,
      115.21773446285754
    ],
    [
      6.3898,
      120.14257582159719
    ],
    [
      6.4068,
      124.81262943505507
    ],
    [
      6.4237,
      130.14039499598323
    ],
    [
      6.4407,
      132.15167457556495
    ],
    [
      6.4576,
      133.69883938127424
    ],
    [
      6.4746,
      132.75830728635498
    ],
    [
      6.4915,
      134.63596990159743
    ],
    [
      6.5085,
      137.39349656845627
    ],
    [
      6.5254,
      142.2707755848763
    ],
    [
      6.5424,
      141.76943517504336
    ],
    [
      6.5593,
      144.42343306104289
    ],
    [
      6.5763,
      142.31322693630747
    ],
    [
      6.5932,
      140.05270540610493
    ],
    [
      6.6102,
      136.44478756177458
    ],
    [
      6.6271,
      131.48947340331586
    ],
    [
      6.6441,
      125.18676293072882
    ],
    [
      6.661,
      117.53665614401346
    ]
  ],
  "peak_timestamps": [
    6.0169,
    6.5593
  ]
}