{
  "video": "videos/jackb60.MP4",
  "direction": "left",
  "knee_used": "left",
  "cadence_rpm": 104.8,
  "cycle_count": 4,
  "cycle_timestamps": [
    30.0504,
    30.5007,
    30.9509,
    31.768
  ],
  "cycle_periods_sec": [
    0.4503,
    0.4502,
    0.8171
  ],
  "std_dev_rpm": 34.8,
  "rpm_method": "peak_detection",
  "best_run": {
    "frame_idx_start": 1785,
    "frame_idx_end": 1936,
    "frame_count": 152,
    "duration_sec": 2.52,
    "total_runs": 1
  },
  "metrics": {
    "frames_with_angle": 152,
    "frames_in_best_run": 152,
    "peaks_found": 4,
    "time_span_sec": 2.52
  },
  "angle_series": [
    [
      29.7669,
      137.21936945791018
    ],
    [
      29.7836,
      132.10723536788652
    ],
    [
      29.8003,
      128.00289478382803
    ],
    [
      29.8169,
      124.9063477057347
    ],
    [
      29.8336,
      122.81759413360653
    ],
    [
      29.8503,
      121.73663406744393
    ],
    [
      29.867,
      121.67283671019334
    ],
    [
      29.8836,
      120.75748454385754
    ],
    [
      29.9003,
      122.00827475890816
    ],
    [
      29.917,
      124.70061949507189
    ],
    [
      29.9337,
      128.1381939382215
    ],
    [
      29.9503,
      133.26622941153857
    ],
    [
      29.967,
      139.51965589704432
    ],
    [
      29.9837,
      146.07440181764372
    ],
    [
      30.0004,
      150.59206148701458
    ],
    [
      30.017,
      152.53283934458628
    ],
    [
      30.0337,
      157.0217644457097
    ],
    [
      30.0504,
      157.93040860560725
    ],
    [
      30.0671,
      157.70397737099063
    ],
    [
      30.0838,
      154.25840142384044
    ],
    [
      30.1004,
      150.5111482357917
    ],
    [
      30.1171,
      149.73920064761077
    ],
    [
      30.1338,
      150.32802850832653
    ],
    [
      30.1505,
      149.91103608450337
    ],
    [
      30.1671,
      146.48190838969612
    ],
    [
      30.1838,
      147.89298370066777
    ],
    [
      30.2005,
      148.4499892272903
    ],
    [
      30.2172,
      146.36900609188524
    ],
    [
      30.2338,
      143.02697346185596
    ],
    [
      30.2505,
      139.61551895705207
    ],
    [
      30.2672,
      136.22369956230756
    ],
    [
      30.2839,
      133.13884755405365
    ],
    [
      30.3005,
      128.55059500559503
    ],
    [
      30.3172,
      123.37964132806104
    ],
    [
      30.3339,
      121.92586861479859
    ],
    [
      30.3506,
      121.04684328876772
    ],
    [
      30.3672,
      120.54426812906328
    ],
    [
      30.3839,
      125.40345796513279
    ],
    [
      30.4006,
      134.62444832949777
    ],
    [
      30.4173,
      146.59119393416944
    ],
    [
      30.4339,
      158.4224788445558
    ],
    [
      30.4506,
      167.52033902896284
    ],
    [
      30.4673,
      175.24949343658702
    ],
    [
      30.484,
      178.6050673412264
    ],
    [
      30.5007,
      180.66095786033753
    ],
    [
      30.5173,
      173.58738484902725
    ],
    [
      30.534,
      172.13072421851433
    ],
    [
      30.5507,
      170.68361491024206
    ],
    [
      30.5674,
      169.87690059982265
    ],
    [
      30.584,
      169.2433241177066
    ],
    [
      30.6007,
      165.1689651642911
    ],
    [
      30.6174,
      155.94281290818225
    ],
    [
      30.6341,
      148.68588482529086
    ],
    [
      30.6507,
      138.39816634496106
    ],
    [
      30.6674,
      130.40206420209051
    ],
    [
      30.6841,
      120.3907339393279
    ],
    [
      30.7008,
      116.62959698823245
    ],
    [
      30.7174,
      111.5797353178674
    ],
    [
      30.7341,
      111.62340856808683
    ],
    [
      30.7508,
      109.68325675518818
    ],
    [
      30.7675,
      105.0692193576585
    ],
    [
      30.7841,
      102.33259056828311
    ],
    [
      30.8008,
      102.08767785778112
    ],
    [
      30.8175,
      101.75023419527298
    ],
    [
      30.8342,
      108.60972237617506
    ],
    [
      30.8509,
      117.62302876607936
    ],
    [
      30.8675,
      131.19520986903504
    ],
    [
      30.8842,
      144.62043541258166
    ],
    [
      30.9009,
      159.3519888778729
    ],
    [
      30.9176,
      168.0926499006843
    ],
    [
      30.9342,
      173.3004835660951
    ],
    [
      30.9509,
      176.8208130245746
    ],
    [
      30.9676,
      172.20015077747013
    ],
    [
      30.9843,
      166.5244695063889
    ],
    [
      31.0009,
      163.67055706981418
    ],
    [
      31.0176,
      159.144034320908
    ],
    [
      31.0343,
      152.78565750346291
    ],
    [
      31.051,
      144.22327519068295
    ],
    [
      31.0676,
      138.13667459841963
    ],
    [
      31.0843,
      129.2074148882385
    ],
    [
      31.101,
      125.68254837381163
    ],
    [
      31.1177,
      123.54644625293832
    ],
    [
      31.1343,
      123.63103823545332
    ],
    [
      31.151,
      128.6167252424409
    ],
    [
      31.1677,
      133.97903852231744
    ],
    [
      31.1844,
      136.50467275395968
    ],
    [
      31.2011,
      137.82620547791862
    ],
    [
      31.2177,
      139.0600981015742
    ],
    [
      31.2344,
      143.25003382352455
    ],
    [
      31.2511,
      146.0055082180608
    ],
    [
      31.2678,
      151.16875410374996
    ],
    [
      31.2844,
      156.05275914385655
    ],
    [
      31.3011,
      161.6894524804055
    ],
    [
      31.3178,
      164.62261927198855
    ],
    [
      31.3345,
      165.68191740883515
    ],
    [
      31.3511,
      163.29162124943423
    ],
    [
      31.3678,
      162.90034498275662
    ],
    [
      31.3845,
      161.3825588705141
    ],
    [
      31.4012,
      159.51475450115683
    ],
    [
      31.4178,
      158.17575963792873
    ],
    [
      31.4345,
      156.58391893942184
    ],
    [
      31.4512,
      156.49895696498717
    ],
    [
      31.4679,
      153.92708782757987
    ],
    [
      31.4845,
      150.7568110839679
    ],
    [
      31.5012,
      148.96834556156813
    ],
    [
      31.5179,
      147.96338282697192
    ],
    [
      31.5346,
      146.24597382441374
    ],
    [
      31.5513,
      145.01993457386388
    ],
    [
      31.5679,
      142.21486311245724
    ],
    [
      31.5846,
      141.4826060676719
    ],
    [
      31.6013,
      142.09247669948573
    ],
    [
      31.618,
      142.87524868271257
    ],
    [
      31.6346,
      144.0132186597843
    ],
    [
      31.6513,
      146.47242973203217
    ],
    [
      31.668,
      148.7950061464421
    ],
    [
      31.6847,
      151.67167857027536
    ],
    [
      31.7013,
      153.68590974050812
    ],
    [
      31.718,
      159.63931804519504
    ],
    [
      31.7347,
      160.48506113359642
    ],
    [
      31.7514,
      159.6493784643435
    ],
    [
      31.768,
      162.04444540308444
    ],
    [
      31.7847,
      159.7797002254676
    ],
    [
      31.8014,
      158.81583954494755
    ],
    [
      31.8181,
      156.8084551308038
    ],
    [
      31.8347,
      154.81640126144794
    ],
    [
      31.8514,
      150.62021647647146
    ],
    [
      31.8681,
      146.785429512158
    ],
    [
      31.8848,
      145.5443233384756
    ],
    [
      31.9014,
      145.7667856578268
    ],
    [
      31.9181,
      141.39908520576722
    ],
    [
      31.9348,
      144.69907116269127
    ],
    [
      31.9515,
      142.73300665825735
    ],
    [
      31.9682,
      140.77743086463195
    ],
    [
      31.9848,
      136.49037893986394
    ],
    [
      32.0015,
      132.30607518474778
    ],
    [
      32.0182,
      125.55074982555485
    ],
    [
      32.0349,
      118.49748520637641
    ],
    [
      32.0515,
      112.53333089763842
    ],
    [
      32.0682,
      112.2397830606755
    ],
    [
      32.0849,
      111.10829416094575
    ],
    [
